latitude,longitude,lat-long
43.588765,-79.540223,"43.5880774,-79.5432067"
43.589249,-79.544292,"43.591561,-79.545827"
43.592446,-79.541542,"43.5927419,-79.54033009999999"
43.593011,-79.538952,"43.5927419,-79.54033009999999"
43.593156,-79.538508,"43.5927419,-79.54033009999999"
43.596797,-79.524156,"43.597082,-79.522768"
43.596991,-79.51849,"43.5961692,-79.5160575"
43.597169,-79.522162,"43.597082,-79.522768"
43.597479,-79.520998,"43.597082,-79.522768"
43.597751,-79.519594,"43.5961692,-79.5160575"
43.599511,-79.511707,"43.6002896,-79.5108692"
43.600537,-79.506923,"43.6002896,-79.5108692"
43.601917,-79.510275,"43.6002896,-79.5108692"
43.61207,-79.500427,"43.612063,-79.496573"
43.612903,-79.49902,"43.612063,-79.496573"
43.613898,-79.489809,"43.613606,-79.4883535"
43.614288,-79.489341,"43.6146692,-79.4873148"
43.614512,-79.488583,"43.613606,-79.4883535"
43.614571,-79.488545,"43.613606,-79.4883535"
43.614935,-79.498088,"43.6162721,-79.4990363"
43.615157,-79.488967,"43.6146692,-79.4873148"
43.615508,-79.494116,"43.6171635,-79.4971065"
43.616047,-79.488316,"43.6146692,-79.4873148"
43.616746,-79.487962,"43.61868,-79.48674"
43.617602,-79.49922,"43.6171635,-79.4971065"
43.618376,-79.500139,"43.6171635,-79.4971065"
43.618376,-79.500139,"43.6162721,-79.4990363"
43.619112,-79.498529,"43.6162721,-79.4990363"
43.619625,-79.485437,"43.61868,-79.48674"
43.619632,-79.485345,"43.61868,-79.48674"
43.620579,-79.492319,"43.62313,-79.4918"
43.622396,-79.482099,"43.6224434,-79.480284"
43.622645,-79.481766,"43.62369169999999,-79.4838132"
43.622921,-79.483352,"43.62369169999999,-79.4838132"
43.622971,-79.481912,"43.62369169999999,-79.4838132"
43.623009,-79.483898,"43.6224434,-79.480284"
43.623242,-79.480507,"43.6224434,-79.480284"
43.624237,-79.489125,"43.62313,-79.4918"
43.624742,-79.495234,"43.62313,-79.4918"
43.626864,-79.478568,"43.626265,-79.476723"
43.627419,-79.478657,"43.626265,-79.476723"
43.627444,-79.476792,"43.626265,-79.476723"
43.628054,-79.419322,"43.630254,-79.420317"
43.629212,-79.414975,"43.63121,-79.41414"
43.629222,-79.41021,"43.6322445,-79.4108105"
43.630286,-79.483185,"43.630874,-79.482407"
43.63063,-79.483848,"43.630874,-79.482407"
43.630714,-79.481946,"43.630874,-79.482407"
43.632383,-79.422204,"43.633473,-79.425679"
43.632534,-79.421767,"43.633473,-79.425679"
43.632843,-79.420602,"43.630254,-79.420317"
43.63292,-79.396407,"43.635023,-79.399505"
43.633044,-79.421533,"43.6352007,-79.4187711"
43.633494,-79.470056,"43.6308933,-79.4722622"
43.633565,-79.472919,"43.6308933,-79.4722622"
43.634424,-79.42894,"43.633473,-79.425679"
43.634539,-79.412555,"43.6334636,-79.4143057"
43.634652,-79.401918,"43.635495,-79.40352209999999"
43.634862,-79.401344,"43.635495,-79.40352209999999"
43.635106,-79.41573,"43.6352007,-79.4187711"
43.635116,-79.410965,"43.6323994,-79.40978179999999"
43.635116,-79.410965,"43.6334636,-79.4143057"
43.635277,-79.399494,"43.635492,-79.398253"
43.635338,-79.434881,"43.633537,-79.437461"
43.635541,-79.401265,"43.635023,-79.399505"
43.635626,-79.415001,"43.6334636,-79.4143057"
43.635756,-79.471356,"43.6357643,-79.4674917"
43.635788,-79.397796,"43.635023,-79.399505"
43.635881,-79.431276,"43.637922,-79.431734"
43.636165,-79.40272,"43.637381,-79.406112"
43.6363,-79.47017,"43.634896,-79.467763"
43.636335,-79.44121,"43.636731,-79.444966"
43.636349,-79.491084,"43.63732,-79.489083"
43.636442,-79.401222,"43.636611,-79.400042"
43.636468,-79.404731,"43.636804,-79.408832"
43.636468,-79.404731,"43.637381,-79.406112"
43.636586,-79.404656,"43.635495,-79.40352209999999"
43.636609,-79.421298,"43.6366666666667,-79.4197222222222"
43.636616,-79.469578,"43.63855,-79.46693"
43.636672,-79.397286,"43.636533,-79.395854"
43.636673,-79.400371,"43.635492,-79.398253"
43.63684,-79.468819,"43.63632,-79.47307"
43.636842,-79.397267,"43.635492,-79.398253"
43.636886,-79.4198,"43.6352007,-79.4187711"
43.637013,-79.405555,"43.636804,-79.408832"
43.637098,-79.406094,"43.635,-79.4088888888889"
43.637138,-79.47471,"43.6390437,-79.4760109"
43.637151,-79.406149,"43.636804,-79.408832"
43.637165,-79.395916,"43.636533,-79.395854"
43.637197,-79.400279,"43.63811,-79.397877"
43.637207,-79.400736,"43.636611,-79.400042"
43.637382,-79.419926,"43.63840090000001,-79.4197107"
43.637405,-79.424229,"43.637981,-79.424146"
43.637512,-79.391905,"43.638497,-79.39192"
43.63754,-79.397705,"43.63811,-79.397877"
43.637643,-79.391646,"43.63796,-79.387502"
43.637673,-79.432872,"43.637922,-79.431734"
43.637726,-79.472047,"43.63632,-79.47307"
43.637766,-79.392273,"43.638497,-79.39192"
43.637843,-79.424393,"43.639444,-79.423611"
43.637877,-79.392291,"43.640114,-79.393249"
43.637954,-79.421326,"43.63840090000001,-79.4197107"
43.637986,-79.421658,"43.637981,-79.424146"
43.638021,-79.408064,"43.635,-79.4088888888889"
43.638077,-79.418869,"43.638925,-79.4168659"
43.638092,-79.432173,"43.638426,-79.429142"
43.638167,-79.425336,"43.638426,-79.429142"
43.638174,-79.390515,"43.638497,-79.39192"
43.63819,-79.429636,"43.637922,-79.431734"
43.638193,-79.390335,"43.63796,-79.387502"
43.638197,-79.418351,"43.63840090000001,-79.4197107"
43.638226,-79.400619,"43.639179,-79.399595"
43.638272,-79.406935,"43.637381,-79.406112"
43.63829,-79.416995,"43.638925,-79.4168659"
43.638319,-79.400119,"43.636611,-79.400042"
43.638432,-79.41785,"43.638925,-79.4168659"
43.638447,-79.420142,"43.6366666666667,-79.4197222222222"
43.63851,-79.385895,"43.63796,-79.387502"
43.638561,-79.412216,"43.6392777,-79.4115736"
43.638636,-79.398067,"43.6399714,-79.39940399999999"
43.638709,-79.416353,"43.640075,-79.414156"
43.638888,-79.44391,"43.6372958,-79.4423237"
43.638892,-79.380628,"43.640132,-79.380464"
43.638981,-79.398729,"43.64134790000001,-79.4013882"
43.638992,-79.44402,"43.6372958,-79.4423237"
43.639008,-79.445331,"43.6397,-79.44865"
43.639028,-79.398082,"43.636533,-79.395854"
43.639029,-79.473425,"43.63632,-79.47307"
43.639045,-79.474736,"43.6390437,-79.4760109"
43.63906,-79.398415,"43.639052,-79.399792"
43.639073,-79.39823,"43.63811,-79.397877"
43.639101,-79.444832,"43.636731,-79.444966"
43.639218,-79.416294,"43.640075,-79.414156"
43.639246,-79.444388,"43.636731,-79.444966"
43.639261,-79.42649,"43.638426,-79.429142"
43.639286,-79.382934,"43.63951,-79.383717"
43.63931,-79.441968,"43.6393107,-79.4408141"
43.639311,-79.409625,"43.6392777,-79.4115736"
43.639346,-79.420708,"43.6366666666667,-79.4197222222222"
43.639393,-79.442619,"43.6393107,-79.4408141"
43.639493,-79.450223,"43.6397,-79.44865"
43.639525,-79.384281,"43.63951,-79.383717"
43.639586,-79.42126,"43.639444,-79.423611"
43.639613,-79.42089,"43.639444,-79.423611"
43.639637,-79.41594,"43.640885,-79.416379"
43.639643,-79.442021,"43.6372958,-79.4423237"
43.63965,-79.441929,"43.640255,-79.439223"
43.639719,-79.440412,"43.640255,-79.439223"
43.639722,-79.441707,"43.6393107,-79.4408141"
43.639722,-79.380012,"43.64191,-79.378325"
43.639766,-79.397966,"43.639052,-79.399792"
43.639865,-79.422053,"43.637981,-79.424146"
43.639955,-79.394741,"43.640114,-79.393249"
43.639955,-79.394741,"43.639832,-79.395954"
43.63999,-79.418801,"43.640885,-79.416379"
43.640007,-79.381506,"43.640132,-79.380464"
43.640043,-79.396468,"43.641705,-79.393295"
43.640047,-79.42287,"43.6394444,-79.42527777777778"
43.640063,-79.396191,"43.639052,-79.399792"
43.640063,-79.396191,"43.6428899,-79.3946346"
43.640086,-79.439802,"43.63985,-79.43703"
43.640152,-79.39728,"43.6399714,-79.39940399999999"
43.640155,-79.438084,"43.63985,-79.43703"
43.640184,-79.43692,"43.640634,-79.435841"
43.640191,-79.422198,"43.6394444,-79.42527777777778"
43.640255,-79.3951,"43.641705,-79.393295"
43.640271,-79.438804,"43.640255,-79.439223"
43.640325,-79.392587,"43.640722,-79.391051"
43.640348,-79.397685,"43.639179,-79.399595"
43.640392,-79.391663,"43.640114,-79.393249"
43.640433,-79.436586,"43.640634,-79.435841"
43.640443,-79.392513,"43.640722,-79.391051"
43.640474,-79.396724,"43.639832,-79.395954"
43.640481,-79.43823,"43.63985,-79.43703"
43.640485,-79.394249,"43.641705,-79.393295"
43.640574,-79.392253,"43.6428899,-79.3946346"
43.640596,-79.401523,"43.64134790000001,-79.4013882"
43.640608,-79.437268,"43.640634,-79.435841"
43.640785,-79.376957,"43.641952,-79.380723"
43.640789,-79.395466,"43.639832,-79.395954"
43.640843,-79.417114,"43.640885,-79.416379"
43.640875,-79.425907,"43.6394444,-79.42527777777778"
43.6409,-79.385434,"43.64283,-79.38409"
43.6409,-79.385434,"43.63951,-79.383717"
43.640923,-79.375885,"43.641646,-79.375308"
43.640958,-79.375676,"43.640978,-79.376785"
43.640993,-79.354696,"43.641675,-79.354006"
43.64102,-79.400784,"43.639179,-79.399595"
43.641028,-79.416116,"43.6417852,-79.4131148"
43.641099,-79.400469,"43.6399714,-79.39940399999999"
43.641194,-79.378284,"43.640978,-79.376785"
43.6412,-79.4344,"43.6409,-79.432837"
43.641267,-79.378061,"43.64215,-79.377"
43.641316,-79.375826,"43.64215,-79.377"
43.641321,-79.354047,"43.641675,-79.354006"
43.641339,-79.377839,"43.64191,-79.378325"
43.641364,-79.432295,"43.6409,-79.432837"
43.641364,-79.41458,"43.6417852,-79.4131148"
43.641377,-79.414395,"43.6417852,-79.4131148"
43.641379,-79.377285,"43.641952,-79.380723"
43.64145,-79.414173,"43.640075,-79.414156"
43.641471,-79.430816,"43.6424558,-79.4296346"
43.6415,-79.432737,"43.6409,-79.432837"
43.641526,-79.375252,"43.643795,-79.375413"
43.641678,-79.431831,"43.6424558,-79.4296346"
43.64169,-79.389253,"43.640722,-79.391051"
43.641692,-79.377615,"43.64215,-79.377"
43.641699,-79.37591,"43.643795,-79.375413"
43.641705,-79.37743,"43.640978,-79.376785"
43.641747,-79.447033,"43.6397,-79.44865"
43.641754,-79.375989,"43.6425636,-79.3762"
43.641786,-79.401581,"43.641389,-79.404444"
43.641868,-79.428816,"43.6430555555556,-79.4275"
43.64187,-79.41121,"43.6409957,-79.40966630000001"
43.641873,-79.411437,"43.6392777,-79.4115736"
43.641978,-79.411722,"43.6409957,-79.40966630000001"
43.642006,-79.377151,"43.6425636,-79.3762"
43.642057,-79.411232,"43.6422222,-79.41111111111111"
43.642087,-79.430074,"43.6448617,-79.42822"
43.642142,-79.410825,"43.6409957,-79.40966630000001"
43.642145,-79.403067,"43.641389,-79.404444"
43.642194,-79.374563,"43.641646,-79.375308"
43.642226,-79.402244,"43.641389,-79.404444"
43.642305,-79.374581,"43.641646,-79.375308"
43.642508,-79.381063,"43.640132,-79.380464"
43.642569,-79.387196,"43.64283,-79.38409"
43.642569,-79.387196,"43.643473,-79.390477"
43.642569,-79.387196,"43.6442,-79.38702"
43.642594,-79.380656,"43.643667,-79.380414"
43.642594,-79.380656,"43.641952,-79.380723"
43.642614,-79.447453,"43.643769,-79.447915"
43.642636,-79.375428,"43.6425636,-79.3762"
43.642733,-79.427373,"43.6424558,-79.4296346"
43.642811,-79.383074,"43.643667,-79.380414"
43.642814,-79.385365,"43.641529,-79.386741"
43.642848,-79.374059,"43.643795,-79.375413"
43.642864,-79.38313,"43.64283,-79.38409"
43.642872,-79.425858,"43.6430555555556,-79.4275"
43.642899,-79.401972,"43.64134790000001,-79.4013882"
43.642925,-79.380892,"43.6451635,-79.3831757"
43.642948,-79.37748,"43.64191,-79.378325"
43.642951,-79.408197,"43.6422222,-79.41111111111111"
43.643065,-79.425135,"43.6430555555556,-79.4275"
43.643075,-79.381761,"43.645609,-79.380386"
43.643273,-79.447652,"43.643769,-79.447915"
43.643301,-79.424748,"43.6423847,-79.4240277"
43.643304,-79.400725,"43.6425791,-79.40011729999999"
43.643329,-79.423822,"43.6438602,-79.4227573"
43.643341,-79.356377,"43.641675,-79.354006"
43.643383,-79.404573,"43.64333333333333,-79.40555555555557"
43.643385,-79.393729,"43.64407,-79.3929"
43.643441,-79.398366,"43.645102,-79.39744979999999"
43.643441,-79.398366,"43.6452091,-79.3960744"
43.643519,-79.423525,"43.6438602,-79.4227573"
43.643527,-79.366222,"43.6451308,-79.36536439999999"
43.643532,-79.422746,"43.6438602,-79.4227573"
43.643559,-79.366554,"43.64422,-79.36927"
43.643586,-79.422601,"43.6423847,-79.4240277"
43.643687,-79.391691,"43.643473,-79.390477"
43.643699,-79.421825,"43.6423847,-79.4240277"
43.643724,-79.422249,"43.643975,-79.419576"
43.643771,-79.421602,"43.643975,-79.419576"
43.643777,-79.39683,"43.64407,-79.3929"
43.643864,-79.408763,"43.64333333333333,-79.40555555555557"
43.643904,-79.402039,"43.645324,-79.40345"
43.643996,-79.401539,"43.6425791,-79.40011729999999"
43.644111,-79.395653,"43.6428899,-79.3946346"
43.64418,-79.419845,"43.6442457,-79.41610440000001"
43.644217,-79.402369,"43.645324,-79.40345"
43.644319,-79.418699,"43.643975,-79.419576"
43.644365,-79.383322,"43.643667,-79.380414"
43.644366,-79.368598,"43.645215,-79.364898"
43.644366,-79.368598,"43.64422,-79.36927"
43.644367,-79.429597,"43.6448617,-79.42822"
43.644418,-79.399597,"43.644395,-79.40065430000001"
43.644514,-79.400593,"43.6461512,-79.3998214"
43.644538,-79.398727,"43.644395,-79.40065430000001"
43.644548,-79.415557,"43.6442457,-79.41610440000001"
43.644563,-79.417663,"43.645665,-79.415345"
43.644565,-79.381344,"43.64595,-79.378761"
43.644565,-79.381344,"43.6452972,-79.3827914"
43.644566,-79.400649,"43.6461512,-79.3998214"
43.644676,-79.388326,"43.645859,-79.38783"
43.644705,-79.386367,"43.645859,-79.38783"
43.644748,-79.416664,"43.645665,-79.415345"
43.644759,-79.385628,"43.6458569,-79.3853654"
43.644766,-79.448733,"43.6467433,-79.446895"
43.644768,-79.397876,"43.643834,-79.396649"
43.6448,-79.448271,"43.643769,-79.447915"
43.644803,-79.399705,"43.6461512,-79.3998214"
43.644822,-79.409477,"43.6422222,-79.41111111111111"
43.644822,-79.409477,"43.645469,-79.411084"
43.64483,-79.399335,"43.644395,-79.40065430000001"
43.644838,-79.385313,"43.6442,-79.38702"
43.644841,-79.416164,"43.6442457,-79.41610440000001"
43.644849,-79.409107,"43.64333333333333,-79.40555555555557"
43.644863,-79.385738,"43.6462176,-79.3855048"
43.644864,-79.398873,"43.645323,-79.395003"
43.644899,-79.368788,"43.64422,-79.36927"
43.644936,-79.398651,"43.6452091,-79.3960744"
43.644936,-79.398651,"43.6425791,-79.40011729999999"
43.644936,-79.398651,"43.643834,-79.396649"
43.64495,-79.381317,"43.646162,-79.378912"
43.644965,-79.368737,"43.6451308,-79.36536439999999"
43.644997,-79.413245,"43.643253094827294,-79.41230469904167"
43.645016,-79.391372,"43.643473,-79.390477"
43.645021,-79.392074,"43.6463574,-79.391206"
43.645025,-79.396655,"43.645323,-79.395003"
43.645057,-79.408902,"43.64534,-79.409597"
43.645088,-79.384185,"43.6458569,-79.3853654"
43.645171,-79.395568,"43.6452091,-79.3960744"
43.645171,-79.395568,"43.645572,-79.39399"
43.645237,-79.448435,"43.6467433,-79.446895"
43.645237,-79.395286,"43.645572,-79.39399"
43.645243,-79.414499,"43.643253094827294,-79.41230469904167"
43.645312,-79.396561,"43.645102,-79.39744979999999"
43.645332,-79.412503,"43.643253094827294,-79.41230469904167"
43.645408,-79.380543,"43.646144,-79.377962"
43.645408,-79.380543,"43.64595,-79.378761"
43.645503,-79.411689,"43.645665,-79.415345"
43.64551,-79.411597,"43.64534,-79.409597"
43.645528,-79.382759,"43.6451635,-79.3831757"
43.645626,-79.393011,"43.645323,-79.395003"
43.645631,-79.393713,"43.643834,-79.396649"
43.645686,-79.446123,"43.646677,-79.442741"
43.64573,-79.430143,"43.6448617,-79.42822"
43.64575,-79.389759,"43.6442,-79.38702"
43.645767,-79.410376,"43.645469,-79.411084"
43.645807,-79.452921,"43.644887,-79.45641169999999"
43.645814,-79.36565,"43.645215,-79.364898"
43.645819,-79.388041,"43.6461,-79.3895"
43.645866,-79.365705,"43.6451308,-79.36536439999999"
43.645885,-79.394081,"43.64407,-79.3929"
43.64591,-79.381371,"43.646734,-79.38301"
43.645946,-79.393249,"43.6463574,-79.391206"
43.646104,-79.39262,"43.645572,-79.39399"
43.646117,-79.408656,"43.64534,-79.409597"
43.64613,-79.408471,"43.646552,-79.406468"
43.646152,-79.434371,"43.6475,-79.43305555555555"
43.646186,-79.383752,"43.6458569,-79.3853654"
43.646214,-79.382588,"43.6477785,-79.3847928"
43.646233,-79.409375,"43.645469,-79.411084"
43.646235,-79.443219,"43.649172,-79.4445087"
43.646237,-79.443749,"43.646677,-79.442741"
43.646255,-79.363429,"43.645215,-79.364898"
43.646301,-79.393811,"43.6472019,-79.3953394"
43.646371,-79.382753,"43.6451635,-79.3831757"
43.646396,-79.390142,"43.6461,-79.3895"
43.646483,-79.388296,"43.6461,-79.3895"
43.646558,-79.47562,"43.6438036,-79.4770327"
43.646715,-79.38033,"43.647259,-79.379878"
43.646727,-79.40721,"43.646552,-79.406468"
43.646744,-79.405437,"43.646552,-79.406468"
43.646762,-79.35332,"43.6482995,-79.3552533"
43.646791,-79.378769,"43.646162,-79.378912"
43.646865,-79.387553,"43.6462176,-79.3855048"
43.646914,-79.389197,"43.6463574,-79.391206"
43.646946,-79.382564,"43.645609,-79.380386"
43.646946,-79.382564,"43.6477785,-79.3847928"
43.64709,-79.396049,"43.645102,-79.39744979999999"
43.647128,-79.379274,"43.64595,-79.378761"
43.647128,-79.379274,"43.647259,-79.379878"
43.647144,-79.38138,"43.6480008,-79.383177"
43.647163,-79.405083,"43.645324,-79.40345"
43.647189,-79.395457,"43.648437,-79.39838"
43.647214,-79.378867,"43.646144,-79.377962"
43.647214,-79.443657,"43.649172,-79.4445087"
43.64727,-79.376539,"43.6469251,-79.3733192"
43.647327,-79.381176,"43.646734,-79.38301"
43.647327,-79.381176,"43.6452972,-79.3827914"
43.647399,-79.380953,"43.6480008,-79.383177"
43.647399,-79.380953,"43.646144,-79.377962"
43.647399,-79.380953,"43.648575,-79.380042"
43.647399,-79.380953,"43.6452972,-79.3827914"
43.647516,-79.370828,"43.648655,-79.367061"
43.647539,-79.509625,"43.64839,-79.51008"
43.647552,-79.379622,"43.646162,-79.378912"
43.647559,-79.511639,"43.64839,-79.51008"
43.647631,-79.396323,"43.6462574,-79.3973381"
43.647659,-79.511047,"43.64839,-79.51008"
43.647666,-79.372772,"43.6469928,-79.3706665"
43.647712,-79.388249,"43.6481303,-79.38632"
43.647721,-79.381378,"43.646734,-79.38301"
43.647777,-79.442859,"43.6504218,-79.4407647"
43.647803,-79.401679,"43.6484201,-79.40051919999999"
43.647855,-79.490836,"43.64920406876699,-79.49336334201408"
43.647863,-79.394677,"43.6472019,-79.3953394"
43.647863,-79.394677,"43.6494896,-79.393535"
43.647882,-79.401365,"43.6484201,-79.40051919999999"
43.647901,-79.388746,"43.645859,-79.38783"
43.647961,-79.373984,"43.6476616,-79.37549"
43.648016,-79.379415,"43.645609,-79.380386"
43.648038,-79.398444,"43.6462574,-79.3973381"
43.648055,-79.396671,"43.6462574,-79.3973381"
43.648068,-79.396486,"43.649147,-79.395504"
43.648091,-79.378971,"43.647259,-79.379878"
43.648105,-79.384384,"43.6477785,-79.3847928"
43.648141,-79.417861,"43.649722,-79.416944"
43.648174,-79.486493,"43.647663,-79.487583"
43.648226,-79.395857,"43.6472019,-79.3953394"
43.64824,-79.376366,"43.6495789,-79.3762096"
43.648252,-79.379765,"43.648928,-79.378623"
43.648272,-79.389039,"43.648711,-79.389728"
43.648276,-79.505636,"43.6492,-79.50601999999999"
43.64833,-79.371986,"43.650325,-79.372287"
43.648347,-79.397278,"43.648437,-79.39838"
43.648348,-79.383348,"43.64852,-79.380576"
43.648357,-79.454125,"43.648657,-79.458111"
43.648359,-79.506111,"43.6492,-79.50601999999999"
43.64838,-79.485217,"43.647663,-79.487583"
43.648386,-79.373537,"43.650325,-79.372287"
43.64839,-79.381999,"43.64852,-79.380576"
43.648398,-79.374147,"43.6476616,-79.37549"
43.6484,-79.397333,"43.649147,-79.395504"
43.6484,-79.397333,"43.648437,-79.39838"
43.648401,-79.449691,"43.6467433,-79.446895"
43.648439,-79.48518,"43.647663,-79.487583"
43.648519,-79.402635,"43.6484201,-79.40051919999999"
43.648549,-79.387541,"43.648711,-79.389728"
43.648552,-79.396002,"43.650033,-79.396555"
43.648575,-79.398016,"43.650033,-79.396555"
43.648625,-79.385729,"43.6503935,-79.3860211"
43.648645,-79.374607,"43.6469251,-79.3733192"
43.648733,-79.484994,"43.64976,-79.48477"
43.648743,-79.420388,"43.651111111111106,-79.4213888888889"
43.648755,-79.371539,"43.6469251,-79.3733192"
43.648776,-79.385193,"43.6462176,-79.3855048"
43.648793,-79.371945,"43.6469928,-79.3706665"
43.648886,-79.37516,"43.6495789,-79.3762096"
43.648897,-79.379649,"43.64852,-79.380576"
43.648912,-79.371704,"43.6478206,-79.3704721"
43.648989,-79.484568,"43.64976,-79.48477"
43.649038,-79.391639,"43.648711,-79.389728"
43.649041,-79.484623,"43.64976,-79.48477"
43.649052,-79.369763,"43.6487245,-79.36839"
43.649052,-79.369763,"43.648655,-79.367061"
43.649088,-79.371592,"43.6478206,-79.3704721"
43.649094,-79.420958,"43.651145,-79.423742"
43.649099,-79.386927,"43.6481303,-79.38632"
43.649126,-79.379592,"43.648575,-79.380042"
43.649133,-79.37174,"43.65003919999999,-79.3733541"
43.649155,-79.386546,"43.65049,-79.3873"
43.649168,-79.395259,"43.649147,-79.395504"
43.64918,-79.371093,"43.6478206,-79.3704721"
43.649187,-79.420459,"43.649722,-79.416944"
43.649242,-79.42201,"43.651111111111106,-79.4213888888889"
43.649256,-79.372367,"43.6469928,-79.3706665"
43.649301,-79.394296,"43.650033,-79.396555"
43.649376,-79.426333,"43.6493472,-79.42668"
43.649412,-79.505534,"43.6492,-79.50601999999999"
43.649423,-79.386191,"43.65158,-79.38655"
43.649425,-79.387072,"43.65049,-79.3873"
43.64943,-79.42486,"43.6493472,-79.42668"
43.649457,-79.421214,"43.651111111111106,-79.4213888888889"
43.649561,-79.425334,"43.651145,-79.423742"
43.649574,-79.42245,"43.651145,-79.423742"
43.649598,-79.483918,"43.6501644,-79.48296909999999"
43.649612,-79.483733,"43.6501644,-79.48296909999999"
43.649626,-79.419828,"43.649722,-79.416944"
43.649632,-79.434368,"43.6475,-79.43305555555555"
43.649638,-79.440446,"43.6504218,-79.4407647"
43.649638,-79.440446,"43.651238,-79.43868"
43.649648,-79.393056,"43.6494896,-79.393535"
43.64965,-79.367708,"43.648655,-79.367061"
43.649654,-79.482384,"43.6501644,-79.48296909999999"
43.649655,-79.427125,"43.6493472,-79.42668"
43.649679,-79.365749,"43.649709,-79.364184"
43.649682,-79.435217,"43.6486599,-79.4376413"
43.649705,-79.380899,"43.648575,-79.380042"
43.649713,-79.35981,"43.650256,-79.36163"
43.649752,-79.376372,"43.648928,-79.378623"
43.649769,-79.359079,"43.650256,-79.36163"
43.649785,-79.436122,"43.6486599,-79.4376413"
43.649789,-79.358802,"43.6482995,-79.3552533"
43.649792,-79.375818,"43.651678,-79.375233"
43.649792,-79.375818,"43.6495789,-79.3762096"
43.649802,-79.388067,"43.6503935,-79.3860211"
43.64982,-79.433105,"43.64957,-79.432446"
43.649833,-79.359743,"43.6513927,-79.35794659999999"
43.649838,-79.438468,"43.6504218,-79.4407647"
43.649842,-79.369702,"43.651118,-79.369411"
43.649868,-79.384058,"43.6481303,-79.38632"
43.649868,-79.384058,"43.6480008,-79.383177"
43.64988,-79.370736,"43.650325,-79.372287"
43.64988,-79.370736,"43.6509552,-79.3707"
43.64989,-79.359065,"43.650279,-79.356832"
43.649897,-79.360408,"43.6513927,-79.35794659999999"
43.649923,-79.360833,"43.651318,-79.36023"
43.649981,-79.383281,"43.6503935,-79.3860211"
43.650015,-79.435271,"43.6475,-79.43305555555555"
43.650015,-79.435271,"43.651238,-79.43868"
43.650057,-79.39152,"43.6494896,-79.393535"
43.650086,-79.435843,"43.6486599,-79.4376413"
43.650115,-79.358947,"43.652686,-79.358395"
43.650134,-79.437487,"43.651238,-79.43868"
43.650137,-79.357875,"43.6482995,-79.3552533"
43.650154,-79.359187,"43.650279,-79.356832"
43.650189,-79.36957,"43.6487245,-79.36839"
43.650192,-79.39141,"43.650077,-79.391291"
43.65021,-79.360738,"43.649709,-79.364184"
43.650212,-79.374669,"43.6476616,-79.37549"
43.650212,-79.374669,"43.652634,-79.374222"
43.650212,-79.3886,"43.650077,-79.391291"
43.650244,-79.368036,"43.6487245,-79.36839"
43.65026,-79.450364,"43.650492,-79.450842"
43.650318,-79.359722,"43.651318,-79.36023"
43.650358,-79.384276,"43.65158,-79.38655"
43.650446,-79.389245,"43.65263,-79.38766"
43.650446,-79.389245,"43.65049,-79.3873"
43.650473,-79.388875,"43.65263,-79.38766"
43.650499,-79.359849,"43.650256,-79.36163"
43.650505,-79.389208,"43.652327224103,-79.3882538196087"
43.650638,-79.450565,"43.6521,-79.4486"
43.650642,-79.364079,"43.651885,-79.3649"
43.650642,-79.364079,"43.65205,-79.362198"
43.650663,-79.450989,"43.650492,-79.450842"
43.650674,-79.372171,"43.652777,-79.372637"
43.650702,-79.359367,"43.650279,-79.356832"
43.650708,-79.38564,"43.650745,-79.383633"
43.650719,-79.403266,"43.6519501,-79.4060978"
43.65073,-79.358203,"43.652219,-79.354455"
43.650744,-79.365778,"43.651885,-79.3649"
43.650783,-79.358258,"43.6513927,-79.35794659999999"
43.650794,-79.381353,"43.650745,-79.383633"
43.650838,-79.476965,"43.65143,-79.47779"
43.650846,-79.381408,"43.650745,-79.383633"
43.65085,-79.375939,"43.653236,-79.376716"
43.650858,-79.378932,"43.652822,-79.378208"
43.650896,-79.383052,"43.6517925,-79.38269509999999"
43.650896,-79.383052,"43.6506,-79.381285"
43.6509,-79.358183,"43.651318,-79.36023"
43.650919,-79.450563,"43.650492,-79.450842"
43.650923,-79.378803,"43.651678,-79.375233"
43.650938,-79.414147,"43.65246,-79.413528"
43.651005,-79.439403,"43.6508333333333,-79.4430555555556"
43.651019,-79.477555,"43.65143,-79.47779"
43.651021,-79.389765,"43.650077,-79.391291"
43.651031,-79.387375,"43.652327224103,-79.3882538196087"
43.651039,-79.368677,"43.6509552,-79.3707"
43.651046,-79.477185,"43.65143,-79.47779"
43.651059,-79.379245,"43.6506,-79.381285"
43.651059,-79.493832,"43.65016869999999,-79.4963345"
43.651111,-79.368454,"43.6535052,-79.3667689"
43.651124,-79.365184,"43.65205,-79.362198"
43.651132,-79.379023,"43.648928,-79.378623"
43.651155,-79.384122,"43.65158,-79.38655"
43.651222,-79.412556,"43.651281,-79.411717"
43.651248,-79.475208,"43.65182,-79.47421"
43.651375,-79.411225,"43.651281,-79.411717"
43.6514,-79.375325,"43.652634,-79.374222"
43.651486,-79.445885,"43.6508333333333,-79.4430555555556"
43.651486,-79.445885,"43.649172,-79.4445087"
43.651499,-79.374733,"43.65003919999999,-79.3733541"
43.651499,-79.374733,"43.652777,-79.372637"
43.65151,-79.379223,"43.652276,-79.380701"
43.65151,-79.379223,"43.6506,-79.381285"
43.651515,-79.475391,"43.65182,-79.47421"
43.651529,-79.406014,"43.6519501,-79.4060978"
43.65153,-79.409199,"43.651603,-79.408346"
43.651563,-79.392415,"43.652823,-79.393388"
43.65159,-79.445886,"43.6508333333333,-79.4430555555556"
43.65161,-79.381717,"43.653264,-79.382458"
43.65168,-79.375323,"43.652634,-79.374222"
43.651684,-79.473081,"43.65182,-79.47421"
43.651697,-79.365789,"43.651885,-79.3649"
43.651741,-79.366731,"43.649709,-79.364184"
43.651753,-79.451445,"43.6521,-79.4486"
43.651802,-79.372865,"43.65003919999999,-79.3733541"
43.651802,-79.372865,"43.651118,-79.369411"
43.65181,-79.409097,"43.651603,-79.408346"
43.65197,-79.408197,"43.651603,-79.408346"
43.651982,-79.408283,"43.651281,-79.411717"
43.651999,-79.379441,"43.6517925,-79.38269509999999"
43.652042,-79.404861,"43.6519501,-79.4060978"
43.652058,-79.379404,"43.651838,-79.378743"
43.652136,-79.365158,"43.653359,-79.365023"
43.652228,-79.379384,"43.653264,-79.382458"
43.652379,-79.378847,"43.652276,-79.380701"
43.652419,-79.355806,"43.6535,-79.354068"
43.652443,-79.372546,"43.6509552,-79.3707"
43.652506,-79.391023,"43.6545174,-79.3895315"
43.65253,-79.440817,"43.6538888888889,-79.4413888888889"
43.65257,-79.4318,"43.65277778,-79.42972222"
43.652625,-79.357615,"43.6535,-79.354068"
43.652749,-79.376849,"43.651678,-79.375233"
43.652834,-79.357835,"43.652219,-79.354455"
43.652884,-79.468972,"43.65389,-79.4675"
43.652891,-79.401182,"43.653766,-79.4016759"
43.652906,-79.361493,"43.652686,-79.358395"
43.652958,-79.397172,"43.654074,-79.398115"
43.652986,-79.360384,"43.653809,-79.3595"
43.653042,-79.468343,"43.65389,-79.4675"
43.653074,-79.363537,"43.65205,-79.362198"
43.653081,-79.357078,"43.6535,-79.354068"
43.653116,-79.396543,"43.652823,-79.393388"
43.653124,-79.375595,"43.653236,-79.376716"
43.653168,-79.427454,"43.65277778,-79.42972222"
43.653218,-79.467615,"43.6535269,-79.4650569"
43.653264,-79.380578,"43.652822,-79.378208"
43.653285,-79.400403,"43.653766,-79.4016759"
43.653328,-79.374276,"43.6544444,-79.3711111111111"
43.653338,-79.368715,"43.653359,-79.365023"
43.653352,-79.375496,"43.652777,-79.372637"
43.653363,-79.386951,"43.652327224103,-79.3882538196087"
43.653414,-79.390887,"43.652823,-79.393388"
43.653438,-79.466771,"43.6525077,-79.4654233"
43.653438,-79.466771,"43.6543604,-79.4655296"
43.653447,-79.369527,"43.651118,-79.369411"
43.653473,-79.362191,"43.653809,-79.3595"
43.653493,-79.38052,"43.655431,-79.380653"
43.65355,-79.401381,"43.652473,-79.401456"
43.653573,-79.364685,"43.6552778,-79.36583333333333"
43.653602,-79.370486,"43.6544444,-79.3711111111111"
43.653627,-79.392604,"43.6545174,-79.3895315"
43.653644,-79.379983,"43.652276,-79.380701"
43.65365,-79.358198,"43.652686,-79.358395"
43.653662,-79.4453,"43.6521,-79.4486"
43.65369,-79.380131,"43.6517925,-79.38269509999999"
43.653696,-79.380039,"43.652822,-79.378208"
43.65371,-79.445297,"43.654004,-79.444792"
43.653748,-79.380094,"43.653264,-79.382458"
43.653748,-79.380094,"43.651838,-79.378743"
43.653748,-79.380094,"43.655431,-79.380653"
43.653755,-79.380001,"43.655766,-79.3802"
43.653763,-79.396132,"43.654074,-79.398115"
43.653807,-79.380056,"43.651838,-79.378743"
43.653848,-79.360895,"43.6561111,-79.36138888888888"
43.653892,-79.444448,"43.6538888888889,-79.4413888888889"
43.653902,-79.466565,"43.6525077,-79.4654233"
43.653902,-79.466565,"43.6535269,-79.4650569"
43.653902,-79.466565,"43.65389,-79.4675"
43.653902,-79.466565,"43.65412449999999,-79.4636388"
43.653902,-79.466565,"43.6543604,-79.4655296"
43.653903,-79.425842,"43.65277778,-79.42972222"
43.653954,-79.423606,"43.6544915,-79.422634"
43.654011,-79.452042,"43.6534268,-79.4512787"
43.654032,-79.426377,"43.656945,-79.424911"
43.654055,-79.444521,"43.654004,-79.444792"
43.654065,-79.402024,"43.6537513,-79.4028245"
43.654078,-79.398753,"43.654905,-79.398448"
43.654093,-79.39151,"43.655227,-79.39201"
43.654113,-79.380479,"43.653236,-79.376716"
43.654172,-79.369595,"43.6535052,-79.3667689"
43.654229,-79.422902,"43.656945,-79.424911"
43.654232,-79.462831,"43.6535269,-79.4650569"
43.654245,-79.444225,"43.6538888888889,-79.4413888888889"
43.654251,-79.40023,"43.654905,-79.398448"
43.654285,-79.452132,"43.6534268,-79.4512787"
43.654332,-79.451485,"43.6534268,-79.4512787"
43.654343,-79.390474,"43.6560758,-79.393259"
43.654343,-79.390474,"43.65263,-79.38766"
43.654443,-79.399139,"43.654074,-79.398115"
43.654443,-79.399139,"43.6568254,-79.3966159"
43.654453,-79.387406,"43.6558557,-79.3894093"
43.654509,-79.399009,"43.6568254,-79.3966159"
43.654567,-79.443668,"43.654004,-79.444792"
43.654576,-79.40117,"43.6537513,-79.4028245"
43.654576,-79.40117,"43.652473,-79.401456"
43.654588,-79.391728,"43.6558557,-79.3894093"
43.654604,-79.465416,"43.65412449999999,-79.4636388"
43.654618,-79.386684,"43.6558557,-79.3894093"
43.654625,-79.452262,"43.6563889,-79.45166666666667"
43.654632,-79.459669,"43.65412449999999,-79.4636388"
43.654657,-79.365231,"43.653359,-79.365023"
43.654689,-79.421994,"43.6544915,-79.422634"
43.654706,-79.46632,"43.6525077,-79.4654233"
43.654793,-79.387366,"43.6545174,-79.3895315"
43.6548,-79.41584,"43.656296,-79.414663"
43.654804,-79.359317,"43.653809,-79.3595"
43.654821,-79.424025,"43.656945,-79.424911"
43.65485,-79.38733,"43.65637299999999,-79.38781039999999"
43.654858,-79.460407,"43.654501,-79.460053"
43.654865,-79.35381,"43.652219,-79.354455"
43.654867,-79.421087,"43.6544915,-79.422634"
43.654881,-79.402388,"43.653766,-79.4016759"
43.654937,-79.341151,"43.6544839,-79.34105699999999"
43.654943,-79.400761,"43.654905,-79.398448"
43.654943,-79.400761,"43.6537513,-79.4028245"
43.654944,-79.386829,"43.65637299999999,-79.38781039999999"
43.654955,-79.36654,"43.6535052,-79.3667689"
43.654959,-79.420588,"43.655,-79.418889"
43.654983,-79.380103,"43.656094,-79.381484"
43.655018,-79.402036,"43.652473,-79.401456"
43.655019,-79.414468,"43.656296,-79.414663"
43.655165,-79.433839,"43.6554793,-79.4302462"
43.655221,-79.38533,"43.656518,-79.389099"
43.655234,-79.414507,"43.65246,-79.413528"
43.655247,-79.456635,"43.654501,-79.460053"
43.655304,-79.467352,"43.65716,-79.46478"
43.655304,-79.379546,"43.6559476,-79.37558829999999"
43.655314,-79.38095,"43.655431,-79.380653"
43.655318,-79.402551,"43.6576,-79.4032"
43.65532,-79.4141,"43.656296,-79.414663"
43.655363,-79.386434,"43.656518,-79.389099"
43.655363,-79.386434,"43.656026,-79.385327"
43.655368,-79.41883,"43.655,-79.418889"
43.655374,-79.457965,"43.654501,-79.460053"
43.655442,-79.417813,"43.655,-79.418889"
43.655448,-79.451534,"43.6563889,-79.45166666666667"
43.655471,-79.413563,"43.65246,-79.413528"
43.655472,-79.380321,"43.657024,-79.377257"
43.655472,-79.380321,"43.656094,-79.381484"
43.655513,-79.340167,"43.6544839,-79.34105699999999"
43.655516,-79.358775,"43.656638,-79.358749"
43.655538,-79.365464,"43.6552778,-79.36583333333333"
43.655577,-79.376551,"43.6559476,-79.37558829999999"
43.655577,-79.376551,"43.657266,-79.374756"
43.655609,-79.354991,"43.6548521,-79.35397680000001"
43.655631,-79.382777,"43.656094,-79.381484"
43.655631,-79.382777,"43.656729,-79.382736"
43.655646,-79.384884,"43.656026,-79.385327"
43.655657,-79.356834,"43.656784782853144,-79.35627385059036"
43.655667,-79.433979,"43.6555556,-79.43361111111112"
43.655668,-79.372965,"43.6544444,-79.3711111111111"
43.655675,-79.393772,"43.6560758,-79.393259"
43.655701,-79.357776,"43.6548521,-79.35397680000001"
43.655729,-79.3791,"43.656633,-79.379625"
43.655729,-79.3791,"43.655766,-79.3802"
43.65576,-79.462656,"43.65716,-79.46478"
43.655772,-79.364315,"43.6561111,-79.36138888888888"
43.655804,-79.337689,"43.6544839,-79.34105699999999"
43.655806,-79.372613,"43.658295,-79.372346"
43.655821,-79.454156,"43.6563889,-79.45166666666667"
43.655821,-79.356112,"43.656784782853144,-79.35627385059036"
43.655865,-79.393475,"43.6575,-79.39527777777778"
43.655866,-79.402732,"43.6576,-79.4032"
43.655878,-79.39329,"43.6568254,-79.3966159"
43.655952,-79.363613,"43.6552778,-79.36583333333333"
43.655952,-79.392273,"43.6575,-79.39527777777778"
43.655981,-79.377176,"43.657024,-79.377257"
43.656009,-79.409254,"43.6563888888889,-79.4091666666667"
43.656024,-79.383284,"43.657838,-79.38631"
43.656045,-79.363113,"43.6561111,-79.36138888888888"
43.656052,-79.434088,"43.6555556,-79.43361111111112"
43.656052,-79.434088,"43.657343,-79.43112"
43.656102,-79.392531,"43.6580442,-79.3927404"
43.656102,-79.392531,"43.655227,-79.39201"
43.65616,-79.39249,"43.655227,-79.39201"
43.65616,-79.39249,"43.6580442,-79.3927404"
43.656186,-79.454542,"43.657192,-79.452559"
43.656227,-79.388483,"43.657763,-79.389165"
43.656227,-79.388483,"43.6578449,-79.3899265"
43.656279,-79.374605,"43.657266,-79.374756"
43.656295,-79.376712,"43.6582,-79.3768"
43.656366,-79.377284,"43.656927,-79.378497"
43.656409,-79.399125,"43.658148,-79.398167"
43.656414,-79.357234,"43.656638,-79.358749"
43.656415,-79.399033,"43.658148,-79.398167"
43.656427,-79.337987,"43.657991,-79.340075"
43.656466,-79.396796,"43.6575,-79.39527777777778"
43.656479,-79.357104,"43.6548521,-79.35397680000001"
43.656513,-79.435471,"43.6555556,-79.43361111111112"
43.656518,-79.357344,"43.656638,-79.358749"
43.65652,-79.4084,"43.6563888888889,-79.4091666666667"
43.656531,-79.465165,"43.6543604,-79.4655296"
43.656575,-79.38059,"43.656311,-79.379158"
43.656582,-79.380498,"43.657024,-79.377257"
43.656595,-79.380313,"43.6582,-79.3768"
43.656747,-79.452248,"43.657192,-79.452559"
43.656749,-79.46679,"43.65716,-79.46478"
43.656778,-79.407179,"43.6563888888889,-79.4091666666667"
43.656799,-79.399935,"43.658148,-79.398167"
43.656804,-79.406809,"43.6571,-79.4056"
43.656817,-79.380348,"43.656927,-79.378497"
43.656842,-79.338087,"43.657991,-79.340075"
43.65685,-79.3768,"43.6574766,-79.373446"
43.656863,-79.380496,"43.656311,-79.379158"
43.656872,-79.448995,"43.6585504,-79.4497659"
43.65689,-79.376245,"43.6574766,-79.373446"
43.656927,-79.434415,"43.657343,-79.43112"
43.656967,-79.38048,"43.655766,-79.3802"
43.656972,-79.374341,"43.6559476,-79.37558829999999"
43.656992,-79.381031,"43.656311,-79.379158"
43.657057,-79.384781,"43.656026,-79.385327"
43.657057,-79.384781,"43.657838,-79.38631"
43.65706,-79.380252,"43.657424,-79.381019"
43.657065,-79.376928,"43.657266,-79.374756"
43.657106,-79.35697,"43.656784782853144,-79.35627385059036"
43.657112,-79.403352,"43.6571,-79.4056"
43.657117,-79.380863,"43.656927,-79.378497"
43.657226,-79.404866,"43.6576,-79.4032"
43.657254,-79.386692,"43.657763,-79.389165"
43.657349,-79.402408,"43.6571,-79.4056"
43.657373,-79.383522,"43.656729,-79.382736"
43.65739,-79.448049,"43.6585504,-79.4497659"
43.657456,-79.434079,"43.657343,-79.43112"
43.657504,-79.390229,"43.657763,-79.389165"
43.65767,-79.381746,"43.656633,-79.379625"
43.657717,-79.370252,"43.658295,-79.372346"
43.657737,-79.487757,"43.658574,-79.487246"
43.6578,-79.389248,"43.656518,-79.389099"
43.6578,-79.389248,"43.659226,-79.390213"
43.657825,-79.382706,"43.656729,-79.382736"
43.657825,-79.382706,"43.65988,-79.38279"
43.657825,-79.382706,"43.657424,-79.381019"
43.657833,-79.378733,"43.6582,-79.3768"
43.657889,-79.372524,"43.6574766,-79.373446"
43.657963,-79.417889,"43.660414,-79.415646"
43.657997,-79.371044,"43.658295,-79.372346"
43.657997,-79.378011,"43.656633,-79.379625"
43.658042,-79.371192,"43.658777,-79.369596"
43.658159,-79.352508,"43.659471,-79.350325"
43.658178,-79.399501,"43.660274,-79.398049"
43.658192,-79.389263,"43.65637299999999,-79.38781039999999"
43.658208,-79.397542,"43.660274,-79.398049"
43.658228,-79.452719,"43.6585504,-79.4497659"
43.658255,-79.441595,"43.6587734,-79.443054"
43.658267,-79.442205,"43.6587734,-79.443054"
43.658364,-79.453162,"43.657192,-79.452559"
43.658484,-79.368971,"43.658816,-79.367318"
43.658604,-79.385121,"43.660439,-79.385525"
43.65862,-79.441981,"43.6587734,-79.443054"
43.658636,-79.382045,"43.65988,-79.38279"
43.658641,-79.486921,"43.658574,-79.487246"
43.658722,-79.488103,"43.658574,-79.487246"
43.658757,-79.394969,"43.660296,-79.397107"
43.658763,-79.368397,"43.658816,-79.367318"
43.658777,-79.388529,"43.65995,-79.38964"
43.658777,-79.388529,"43.6578449,-79.3899265"
43.658801,-79.394784,"43.6560758,-79.393259"
43.658801,-79.384732,"43.658938,-79.383518"
43.658816,-79.34962,"43.6593483,-79.34993659999999"
43.65883,-79.349983,"43.659471,-79.350325"
43.658847,-79.439633,"43.6586525,-79.440502"
43.658902,-79.349213,"43.6593483,-79.34993659999999"
43.658911,-79.351412,"43.659471,-79.350325"
43.658914,-79.394007,"43.660296,-79.397107"
43.658963,-79.440353,"43.6589882,-79.438715"
43.658999,-79.390514,"43.661803,-79.389682"
43.65901,-79.388038,"43.657838,-79.38631"
43.659011,-79.391124,"43.65995,-79.38964"
43.659032,-79.349748,"43.6593483,-79.34993659999999"
43.659049,-79.439946,"43.6586525,-79.440502"
43.659063,-79.391179,"43.6580442,-79.3927404"
43.65909,-79.366028,"43.658777,-79.369596"
43.659091,-79.336479,"43.6592088,-79.3348396"
43.659224,-79.381994,"43.6591666666667,-79.3855555555556"
43.659224,-79.381994,"43.657424,-79.381019"
43.65927,-79.43769,"43.6586525,-79.440502"
43.659295,-79.389533,"43.6578449,-79.3899265"
43.659295,-79.484127,"43.6596299,-79.4799176"
43.659333,-79.389773,"43.659226,-79.390213"
43.659374,-79.420873,"43.65905,-79.422988"
43.659374,-79.330212,"43.659195,-79.329196"
43.659443,-79.439167,"43.6589882,-79.438715"
43.659458,-79.438188,"43.6589882,-79.438715"
43.659527,-79.366191,"43.6613642,-79.3641171"
43.659618,-79.465942,"43.65917,-79.46997"
43.659621,-79.38429,"43.660087,-79.385655"
43.659623,-79.363307,"43.660207,-79.361275"
43.65963,-79.437374,"43.66083333333333,-79.43583333333333"
43.659683,-79.366356,"43.659575,-79.365769"
43.659729,-79.436782,"43.66083333333333,-79.43583333333333"
43.659732,-79.482,"43.6596299,-79.4799176"
43.659842,-79.364932,"43.659575,-79.365769"
43.659974,-79.360791,"43.660207,-79.361275"
43.660002,-79.398342,"43.662085,-79.397735"
43.660011,-79.361826,"43.6617908,-79.361515"
43.660019,-79.368701,"43.658816,-79.367318"
43.660031,-79.433417,"43.6602021,-79.4342726"
43.660056,-79.480649,"43.6596299,-79.4799176"
43.660059,-79.385961,"43.658938,-79.383518"
43.660104,-79.389989,"43.659226,-79.390213"
43.660132,-79.417394,"43.660414,-79.415646"
43.660139,-79.433192,"43.6608333,-79.43166666666667"
43.660153,-79.377699,"43.6614605,-79.37894570000002"
43.660172,-79.434561,"43.6602021,-79.4342726"
43.660174,-79.361899,"43.6617908,-79.361515"
43.660216,-79.360549,"43.660207,-79.361275"
43.660218,-79.32953,"43.659195,-79.329196"
43.660218,-79.377569,"43.6614605,-79.37894570000002"
43.660255,-79.432657,"43.66083333333333,-79.43583333333333"
43.660295,-79.385811,"43.660087,-79.385655"
43.660341,-79.389045,"43.661803,-79.389682"
43.660349,-79.32915,"43.659195,-79.329196"
43.660388,-79.342622,"43.6605603,-79.3437663"
43.660487,-79.34203,"43.6605603,-79.3437663"
43.660489,-79.406322,"43.66,-79.4088888888889"
43.660534,-79.397211,"43.662085,-79.397735"
43.660589,-79.378657,"43.66207,-79.37617"
43.66062,-79.412235,"43.66,-79.4088888888889"
43.660664,-79.383812,"43.658938,-79.383518"
43.660664,-79.383812,"43.659777,-79.382767"
43.660667,-79.384705,"43.660439,-79.385525"
43.660671,-79.34103,"43.6605603,-79.3437663"
43.6607,-79.3826,"43.6622222,-79.3825"
43.660726,-79.432359,"43.6608333,-79.43166666666667"
43.660726,-79.432359,"43.6602021,-79.4342726"
43.660733,-79.38518,"43.6591666666667,-79.3855555555556"
43.660761,-79.34212,"43.657991,-79.340075"
43.660788,-79.383645,"43.660439,-79.385525"
43.660821,-79.365368,"43.659575,-79.365769"
43.660856,-79.429808,"43.661705,-79.425734"
43.660881,-79.383146,"43.65988,-79.38279"
43.660966,-79.382738,"43.6591666666667,-79.3855555555556"
43.66099,-79.366143,"43.662132,-79.3656796"
43.661038,-79.474915,"43.66073,-79.47149"
43.66104,-79.420345,"43.65905,-79.422988"
43.661133,-79.381222,"43.660694,-79.379052"
43.661162,-79.430231,"43.6608333,-79.43166666666667"
43.661245,-79.400551,"43.6616667,-79.40138888888889"
43.66125,-79.381147,"43.662712,-79.379903"
43.661254,-79.339954,"43.661673,-79.337789"
43.661274,-79.339676,"43.661673,-79.337789"
43.661282,-79.381479,"43.659777,-79.382767"
43.661337,-79.427827,"43.66189,-79.42679"
43.66135,-79.40992,"43.66,-79.4088888888889"
43.661353,-79.339361,"43.661673,-79.337789"
43.661378,-79.399497,"43.6616667,-79.40138888888889"
43.661415,-79.380425,"43.6614605,-79.37894570000002"
43.66146,-79.380573,"43.662712,-79.379903"
43.661468,-79.383566,"43.662862,-79.383572"
43.66147,-79.385858,"43.660087,-79.385655"
43.661475,-79.383474,"43.659777,-79.382767"
43.661476,-79.312449,"43.663162,-79.309765"
43.661476,-79.3997,"43.662085,-79.397735"
43.661519,-79.341726,"43.6623658,-79.3413344"
43.661542,-79.426551,"43.66189,-79.42679"
43.66155,-79.381662,"43.6622222,-79.3825"
43.661626,-79.379056,"43.660694,-79.379052"
43.661739,-79.426162,"43.661705,-79.425734"
43.66176,-79.416626,"43.660414,-79.415646"
43.66177,-79.33592,"43.6592088,-79.3348396"
43.661777,-79.446416,"43.663337,-79.446444"
43.661788,-79.369075,"43.658777,-79.369596"
43.661807,-79.390494,"43.65995,-79.38964"
43.661892,-79.447136,"43.663337,-79.446444"
43.661892,-79.447136,"43.661324,-79.449534"
43.661893,-79.372272,"43.663102,-79.373181"
43.661913,-79.340151,"43.6623658,-79.3413344"
43.661919,-79.379664,"43.660694,-79.379052"
43.66201,-79.424755,"43.661705,-79.425734"
43.662057,-79.321798,"43.660206,-79.3244"
43.662071,-79.446229,"43.663337,-79.446444"
43.662213,-79.386444,"43.661803,-79.389682"
43.662227,-79.446394,"43.664182,-79.449066"
43.662264,-79.425123,"43.662403,-79.423098"
43.662267,-79.335251,"43.6592088,-79.3348396"
43.662419,-79.40448,"43.661975,-79.407896"
43.662426,-79.422905,"43.662403,-79.423098"
43.662453,-79.457888,"43.6641174,-79.4588522"
43.662457,-79.452235,"43.661324,-79.449534"
43.662476,-79.395978,"43.6637403,-79.39806449999999"
43.662503,-79.334306,"43.6626628,-79.3323698"
43.662513,-79.365026,"43.6613642,-79.3641171"
43.662515,-79.405477,"43.66402799999999,-79.40297869999999"
43.662516,-79.39851,"43.660274,-79.398049"
43.66254,-79.361012,"43.663993,-79.358534"
43.66254,-79.446725,"43.661324,-79.449534"
43.662579,-79.430037,"43.66189,-79.42679"
43.662591,-79.376591,"43.66207,-79.37617"
43.662611,-79.403388,"43.6629228,-79.4018451"
43.66262,-79.403427,"43.6616667,-79.40138888888889"
43.66265,-79.376553,"43.663102,-79.373181"
43.662695,-79.397603,"43.6637403,-79.39806449999999"
43.6627,-79.404478,"43.66402799999999,-79.40297869999999"
43.662719,-79.367072,"43.662132,-79.3656796"
43.662765,-79.398175,"43.660296,-79.397107"
43.662779,-79.422681,"43.662403,-79.423098"
43.662834,-79.36376,"43.6613642,-79.3641171"
43.662957,-79.403256,"43.6629228,-79.4018451"
43.662957,-79.403256,"43.6637,-79.400053"
43.662986,-79.367255,"43.662132,-79.3656796"
43.662989,-79.332038,"43.6626628,-79.3323698"
43.66304,-79.362634,"43.663993,-79.358534"
43.663081,-79.341084,"43.6623658,-79.3413344"
43.663113,-79.384109,"43.6622222,-79.3825"
43.663188,-79.402405,"43.6637,-79.400053"
43.663188,-79.402405,"43.66402799999999,-79.40297869999999"
43.663289,-79.410277,"43.661975,-79.407896"
43.663341,-79.406608,"43.661975,-79.407896"
43.663351,-79.402477,"43.6629228,-79.4018451"
43.663364,-79.330936,"43.6626628,-79.3323698"
43.663447,-79.372519,"43.663102,-79.373181"
43.663455,-79.360783,"43.6617908,-79.361515"
43.663461,-79.344371,"43.663148,-79.347938"
43.663477,-79.410774,"43.661559,-79.413845"
43.663541,-79.417612,"43.6638889,-79.41888888888889"
43.663542,-79.319882,"43.665269,-79.319796"
43.663578,-79.390075,"43.663376,-79.392125"
43.66364,-79.410847,"43.663808,-79.410491"
43.663641,-79.394621,"43.663376,-79.392125"
43.66368,-79.328881,"43.663912,-79.327987"
43.663759,-79.394546,"43.6637403,-79.39806449999999"
43.663813,-79.327032,"43.663912,-79.327987"
43.663831,-79.380389,"43.662712,-79.379903"
43.663937,-79.386672,"43.665527,-79.387499"
43.663963,-79.415669,"43.663912,-79.416124"
43.664044,-79.402214,"43.6637,-79.400053"
43.664074,-79.307808,"43.665645,-79.304711"
43.664111,-79.416721,"43.6638889,-79.41888888888889"
43.664116,-79.388851,"43.663376,-79.392125"
43.664147,-79.412378,"43.661559,-79.413845"
43.664153,-79.331668,"43.66587,-79.33443"
43.664174,-79.343829,"43.663148,-79.347938"
43.664184,-79.384046,"43.662862,-79.383572"
43.664184,-79.384046,"43.66496415990742,-79.38355031526893"
43.664273,-79.414502,"43.664467,-79.414783"
43.664288,-79.342257,"43.665076,-79.341509"
43.664355,-79.415685,"43.663912,-79.416124"
43.664367,-79.416294,"43.663912,-79.416124"
43.664368,-79.4155,"43.6638889,-79.41888888888889"
43.664407,-79.3802,"43.6663308,-79.3809503"
43.664407,-79.3802,"43.662862,-79.383572"
43.664434,-79.41537,"43.664467,-79.414783"
43.664459,-79.380255,"43.6647688,-79.3772602"
43.66448,-79.360571,"43.663993,-79.358534"
43.664491,-79.380587,"43.6663308,-79.3809503"
43.66451,-79.384191,"43.664088,-79.387095"
43.664538,-79.37994,"43.663722,-79.380288"
43.664551,-79.379953,"43.6647688,-79.3772602"
43.664557,-79.412911,"43.661559,-79.413845"
43.66457,-79.325259,"43.663912,-79.327987"
43.664581,-79.373915,"43.66207,-79.37617"
43.664591,-79.360589,"43.665867,-79.362506"
43.664598,-79.45697,"43.6641174,-79.4588522"
43.664602,-79.387573,"43.665527,-79.387499"
43.664677,-79.367944,"43.664524,-79.36793"
43.664732,-79.384226,"43.664088,-79.387095"
43.664761,-79.386148,"43.665527,-79.387499"
43.664761,-79.368332,"43.664524,-79.36793"
43.66477,-79.413834,"43.664467,-79.414783"
43.664833,-79.385926,"43.665801,-79.384796"
43.664836,-79.391304,"43.665221,-79.394009"
43.664846,-79.502561,"43.6625395,-79.5030161"
43.664861,-79.451073,"43.665538,-79.451263"
43.664869,-79.380788,"43.66496415990742,-79.38355031526893"
43.664896,-79.460572,"43.6641174,-79.4588522"
43.664901,-79.455896,"43.66666667,-79.45833333333334"
43.664908,-79.455804,"43.66478,-79.45991"
43.664944,-79.352602,"43.662365,-79.351104"
43.664949,-79.412927,"43.6666667,-79.41166666666668"
43.664953,-79.454231,"43.665538,-79.451263"
43.665085,-79.447509,"43.664182,-79.449066"
43.665095,-79.320922,"43.665269,-79.319796"
43.665118,-79.380453,"43.6647688,-79.3772602"
43.665118,-79.380453,"43.663722,-79.380288"
43.665121,-79.352669,"43.662365,-79.351104"
43.665134,-79.352305,"43.662365,-79.351104"
43.665141,-79.461828,"43.66478,-79.45991"
43.665213,-79.459314,"43.66478,-79.45991"
43.665219,-79.411521,"43.6666667,-79.41166666666668"
43.665229,-79.380471,"43.663722,-79.380288"
43.665271,-79.352327,"43.667819,-79.35347"
43.665278,-79.411483,"43.6666667,-79.41166666666668"
43.665302,-79.376367,"43.666051,-79.374161"
43.665307,-79.439594,"43.6632257,-79.4397052"
43.665314,-79.467888,"43.66686,-79.46526"
43.665332,-79.466114,"43.66686,-79.46526"
43.665353,-79.468128,"43.66686,-79.46526"
43.665371,-79.480899,"43.665523,-79.484892"
43.665385,-79.380636,"43.66663,-79.38148"
43.665391,-79.410706,"43.663808,-79.410491"
43.665429,-79.490823,"43.664665,-79.489385"
43.665431,-79.485445,"43.665523,-79.484892"
43.665452,-79.409354,"43.66842,-79.410585"
43.66548,-79.38497,"43.66496415990742,-79.38355031526893"
43.66548,-79.39945,"43.667023,-79.401805"
43.665494,-79.449622,"43.665538,-79.451263"
43.665514,-79.35171,"43.665656,-79.352055"
43.665532,-79.408765,"43.663808,-79.410491"
43.665545,-79.467037,"43.66402,-79.46418"
43.665553,-79.492948,"43.664665,-79.489385"
43.665573,-79.468959,"43.6653032,-79.4701178"
43.665614,-79.447687,"43.664182,-79.449066"
43.66563,-79.472008,"43.6653032,-79.4701178"
43.665646,-79.342098,"43.665076,-79.341509"
43.665654,-79.469866,"43.6653032,-79.4701178"
43.665661,-79.3869,"43.664088,-79.387095"
43.665715,-79.368343,"43.664524,-79.36793"
43.665777,-79.350396,"43.665656,-79.352055"
43.665778,-79.372889,"43.6673,-79.374"
43.665795,-79.351708,"43.665656,-79.352055"
43.66581,-79.342171,"43.665076,-79.341509"
43.665835,-79.304392,"43.666325,-79.3014"
43.665862,-79.342226,"43.6672144,-79.3452697"
43.665875,-79.380854,"43.66663,-79.38148"
43.665919,-79.408078,"43.665846,-79.404998"
43.665919,-79.408078,"43.66842,-79.410585"
43.665919,-79.408078,"43.6662942,-79.4066433"
43.665929,-79.460271,"43.66666667,-79.45833333333334"
43.665955,-79.345607,"43.6672144,-79.3452697"
43.665973,-79.318863,"43.666224,-79.317693"
43.665976,-79.486422,"43.664665,-79.489385"
43.666006,-79.380595,"43.6663308,-79.3809503"
43.666057,-79.407726,"43.6662942,-79.4066433"
43.666065,-79.318363,"43.665269,-79.319796"
43.666126,-79.352556,"43.667819,-79.35347"
43.666155,-79.483223,"43.665523,-79.484892"
43.66617,-79.406949,"43.6677246,-79.4041365"
43.666314,-79.406505,"43.665846,-79.404998"
43.66633,-79.37148,"43.6673,-79.374"
43.666338,-79.404638,"43.6677246,-79.4041365"
43.666338,-79.404638,"43.665846,-79.404998"
43.666413,-79.405912,"43.6662942,-79.4066433"
43.666528,-79.314274,"43.667208,-79.312315"
43.666538,-79.316473,"43.666224,-79.317693"
43.666575,-79.297213,"43.666325,-79.3014"
43.666625,-79.419976,"43.6686111,-79.42027777777778"
43.666672,-79.380701,"43.669604,-79.381171"
43.666675,-79.386079,"43.6658804,-79.38761010000002"
43.666755,-79.404467,"43.6677246,-79.4041365"
43.666764,-79.44731,"43.667266,-79.443946"
43.666767,-79.385579,"43.6658804,-79.38761010000002"
43.666814,-79.314974,"43.667208,-79.312315"
43.666826,-79.385542,"43.665801,-79.384796"
43.666856,-79.403692,"43.667158,-79.402761"
43.666883,-79.331959,"43.66745,-79.329408"
43.666883,-79.331959,"43.66587,-79.33443"
43.6669,-79.394579,"43.665221,-79.394009"
43.667023,-79.385152,"43.66663,-79.38148"
43.667023,-79.385152,"43.665801,-79.384796"
43.667023,-79.385152,"43.6691099,-79.38551"
43.667091,-79.430526,"43.665327,-79.43235"
43.667113,-79.40247,"43.667023,-79.401805"
43.667127,-79.385262,"43.6658804,-79.38761010000002"
43.667127,-79.385262,"43.66834,-79.38235"
43.667146,-79.343879,"43.6672144,-79.3452697"
43.667155,-79.431191,"43.665327,-79.43235"
43.667157,-79.376335,"43.666051,-79.374161"
43.6673,-79.3727,"43.666051,-79.374161"
43.667323,-79.44581,"43.667266,-79.443946"
43.667335,-79.421025,"43.667076,-79.425116"
43.667356,-79.392173,"43.665221,-79.394009"
43.667492,-79.305541,"43.665645,-79.304711"
43.66751,-79.376111,"43.669232,-79.374495"
43.66751,-79.376111,"43.666233,-79.373327"
43.667548,-79.400341,"43.667023,-79.401805"
43.667548,-79.400341,"43.66986,-79.398443"
43.667555,-79.400249,"43.667333,-79.399429"
43.667567,-79.403945,"43.667158,-79.402761"
43.6676,-79.482662,"43.668496,-79.485426"
43.667639,-79.369677,"43.6682342,-79.3702641"
43.667646,-79.369585,"43.6682342,-79.3702641"
43.66768,-79.430153,"43.665327,-79.43235"
43.667738,-79.372967,"43.666233,-79.373327"
43.667765,-79.357071,"43.667819,-79.35347"
43.667798,-79.316906,"43.66908,-79.3149"
43.667813,-79.385091,"43.66834,-79.38235"
43.667819,-79.38888,"43.668427,-79.38725"
43.667844,-79.295168,"43.668633,-79.291162"
43.667852,-79.293486,"43.668633,-79.291162"
43.667855,-79.365924,"43.66852,-79.363525"
43.66787,-79.402871,"43.667158,-79.402761"
43.667932,-79.30879,"43.6677628,-79.30811709999999"
43.668015,-79.443255,"43.667266,-79.443946"
43.668101,-79.309565,"43.6677628,-79.30811709999999"
43.668103,-79.394257,"43.668500046272165,-79.3946235999697"
43.668113,-79.451128,"43.6704403,-79.45328549999999"
43.668127,-79.388508,"43.66943,-79.38915"
43.668158,-79.371818,"43.6682342,-79.3702641"
43.66822,-79.308695,"43.667208,-79.312315"
43.668238,-79.404754,"43.670318,-79.405181"
43.668278,-79.381003,"43.668991,-79.379385"
43.66829,-79.404809,"43.670318,-79.405181"
43.668325,-79.387324,"43.668153,-79.38891"
43.66835,-79.48774,"43.668496,-79.485426"
43.668378,-79.394895,"43.668456,-79.393899"
43.668458,-79.386269,"43.6691099,-79.38551"
43.66849,-79.386602,"43.669903,-79.387802"
43.668492,-79.374957,"43.6673,-79.374"
43.668517,-79.396287,"43.667333,-79.399429"
43.668525,-79.317673,"43.66908,-79.3149"
43.668525,-79.317673,"43.666224,-79.317693"
43.668528,-79.307528,"43.6677628,-79.30811709999999"
43.66857,-79.483987,"43.668496,-79.485426"
43.668573,-79.376934,"43.669576,-79.375961"
43.668577,-79.3854,"43.669969,-79.386532"
43.668695,-79.338746,"43.668553,-79.338673"
43.668702,-79.338654,"43.668553,-79.338673"
43.668708,-79.305031,"43.665645,-79.304711"
43.668729,-79.445007,"43.67142,-79.445947"
43.668758,-79.392958,"43.668500046272165,-79.3946235999697"
43.668821,-79.400591,"43.670206,-79.402643"
43.668862,-79.390775,"43.669244,-79.3894"
43.668888,-79.386525,"43.669903,-79.387802"
43.668888,-79.386525,"43.668153,-79.38891"
43.668942,-79.374935,"43.666233,-79.373327"
43.668943,-79.386241,"43.6691099,-79.38551"
43.668962,-79.385508,"43.669969,-79.386532"
43.668966,-79.403233,"43.670206,-79.402643"
43.668969,-79.338836,"43.668553,-79.338673"
43.669002,-79.384953,"43.668427,-79.38725"
43.669067,-79.401847,"43.66986,-79.398443"
43.669083,-79.412955,"43.66842,-79.410585"
43.669116,-79.336802,"43.669813,-79.3335"
43.669136,-79.403214,"43.670318,-79.405181"
43.66917,-79.371791,"43.671278,-79.372127"
43.669208,-79.336302,"43.669813,-79.3335"
43.669221,-79.45748,"43.66666667,-79.45833333333334"
43.66924,-79.317928,"43.66908,-79.3149"
43.66928,-79.386541,"43.669969,-79.386532"
43.669317,-79.44772,"43.67142,-79.445947"
43.669324,-79.439163,"43.6702236,-79.4360232"
43.669359,-79.396281,"43.66986,-79.398443"
43.669385,-79.389738,"43.668153,-79.38891"
43.66947,-79.451767,"43.6704403,-79.45328549999999"
43.669471,-79.392417,"43.668500046272165,-79.3946235999697"
43.669514,-79.397241,"43.667333,-79.399429"
43.669544,-79.338647,"43.672453,-79.338259"
43.669614,-79.352454,"43.671172,-79.354704"
43.669649,-79.329404,"43.669813,-79.3335"
43.669729,-79.291584,"43.669328,-79.288949"
43.66975,-79.380068,"43.668991,-79.379385"
43.669839,-79.436219,"43.6702236,-79.4360232"
43.669875,-79.382987,"43.671389,-79.382919"
43.669875,-79.382987,"43.66834,-79.38235"
43.669901,-79.379531,"43.671293,-79.380471"
43.669917,-79.407922,"43.671513,-79.408317"
43.669928,-79.375279,"43.669232,-79.374495"
43.670044,-79.38293,"43.669604,-79.381171"
43.670065,-79.392746,"43.668456,-79.393899"
43.670117,-79.375777,"43.669232,-79.374495"
43.670137,-79.389436,"43.669903,-79.387802"
43.670175,-79.375739,"43.669576,-79.375961"
43.670192,-79.387902,"43.669244,-79.3894"
43.670236,-79.405073,"43.670206,-79.402643"
43.670243,-79.391839,"43.668456,-79.393899"
43.670244,-79.387957,"43.668427,-79.38725"
43.670276,-79.388289,"43.66943,-79.38915"
43.670292,-79.457418,"43.6704403,-79.45328549999999"
43.670303,-79.38792,"43.669244,-79.3894"
43.670374,-79.391579,"43.672152,-79.39018"
43.670414,-79.413427,"43.671389,-79.416389"
43.670426,-79.41095,"43.671513,-79.408317"
43.670456,-79.386588,"43.671944,-79.387778"
43.670472,-79.384813,"43.671944,-79.387778"
43.670477,-79.434904,"43.6702236,-79.4360232"
43.670518,-79.298582,"43.6700692,-79.2971326"
43.670522,-79.382576,"43.671293,-79.380471"
43.670597,-79.298267,"43.6700692,-79.2971326"
43.670623,-79.391244,"43.6704537,-79.39014"
43.670623,-79.391244,"43.672152,-79.39018"
43.67063,-79.452795,"43.671526,-79.44874"
43.670648,-79.374645,"43.671278,-79.372127"
43.670652,-79.39008,"43.66943,-79.38915"
43.670763,-79.295955,"43.6700692,-79.2971326"
43.670841,-79.421446,"43.67,-79.42083333333333"
43.670848,-79.382722,"43.671561,-79.38117"
43.670873,-79.296767,"43.671349,-79.29451"
43.670895,-79.2949,"43.671349,-79.29451"
43.67095,-79.328487,"43.671771,-79.324961"
43.670982,-79.286636,"43.669328,-79.288949"
43.670999,-79.29501,"43.671349,-79.29451"
43.671008,-79.391353,"43.673768,-79.391253"
43.671014,-79.388173,"43.671944,-79.387778"
43.671094,-79.390945,"43.6704537,-79.39014"
43.671094,-79.383977,"43.671389,-79.382919"
43.671117,-79.375141,"43.6712581,-79.376367"
43.671142,-79.289888,"43.668633,-79.291162"
43.671144,-79.374771,"43.671278,-79.372127"
43.671151,-79.391703,"43.672152,-79.39018"
43.671151,-79.391703,"43.6704537,-79.39014"
43.671283,-79.380593,"43.671389,-79.382919"
43.671292,-79.382792,"43.671561,-79.38117"
43.671292,-79.382792,"43.669604,-79.381171"
43.671356,-79.419003,"43.6686111,-79.42027777777778"
43.671443,-79.375286,"43.6712581,-79.376367"
43.671475,-79.344564,"43.6720273,-79.3470557"
43.67148,-79.380203,"43.671535,-79.379173"
43.671487,-79.380111,"43.671535,-79.379173"
43.671551,-79.324045,"43.671771,-79.324961"
43.671616,-79.378187,"43.668991,-79.379385"
43.671616,-79.378187,"43.669576,-79.375961"
43.671616,-79.378187,"43.671561,-79.38117"
43.671627,-79.420683,"43.67,-79.42083333333333"
43.671633,-79.42059,"43.67168,-79.421192"
43.67164,-79.420498,"43.67,-79.42083333333333"
43.671651,-79.420815,"43.6686111,-79.42027777777778"
43.671666,-79.32556,"43.671771,-79.324961"
43.671862,-79.435173,"43.6741219,-79.4352208"
43.671887,-79.282616,"43.673831,-79.281455"
43.671889,-79.377804,"43.671535,-79.379173"
43.671983,-79.418869,"43.671389,-79.416389"
43.671988,-79.380939,"43.671293,-79.380471"
43.672073,-79.391382,"43.673768,-79.391253"
43.672144,-79.334521,"43.672453,-79.338259"
43.672167,-79.29047,"43.669328,-79.288949"
43.672209,-79.46652,"43.673019,-79.467994"
43.672215,-79.470622,"43.672079,-79.470171"
43.672225,-79.290433,"43.672571,-79.289"
43.672255,-79.448239,"43.67142,-79.445947"
43.672262,-79.377942,"43.6752732,-79.3778458"
43.672266,-79.44347,"43.673939,-79.441159"
43.672314,-79.377997,"43.6712581,-79.376367"
43.672331,-79.289748,"43.672571,-79.289"
43.672372,-79.414301,"43.674444,-79.414722"
43.672404,-79.320766,"43.673118,-79.318651"
43.672587,-79.466721,"43.673019,-79.467994"
43.67259,-79.318971,"43.673118,-79.318651"
43.672627,-79.287175,"43.672571,-79.289"
43.672671,-79.446388,"43.671526,-79.44874"
43.672681,-79.470806,"43.672079,-79.470171"
43.672896,-79.460971,"43.67392479999999,-79.4615434"
43.672979,-79.411358,"43.671513,-79.408317"
43.673203,-79.431412,"43.674923,-79.430465"
43.673252,-79.41533,"43.671389,-79.416389"
43.673261,-79.434462,"43.6741219,-79.4352208"
43.673292,-79.414775,"43.674444,-79.414722"
43.673336,-79.415718,"43.674444,-79.414722"
43.673416,-79.282435,"43.673831,-79.281455"
43.673662,-79.307963,"43.676216,-79.309395"
43.67368,-79.463296,"43.67392479999999,-79.4615434"
43.67368,-79.319424,"43.673118,-79.318651"
43.6737,-79.350295,"43.6720273,-79.3470557"
43.67372,-79.470412,"43.673019,-79.467994"
43.673854,-79.411685,"43.675556,-79.410278"
43.673951,-79.46956,"43.672079,-79.470171"
43.674025,-79.388466,"43.67515255542865,-79.38849615969643"
43.674077,-79.388521,"43.67515255542865,-79.38849615969643"
43.674094,-79.307423,"43.6750806,-79.3068697"
43.674265,-79.426858,"43.674923,-79.430465"
43.674283,-79.409648,"43.675556,-79.410278"
43.674366,-79.397688,"43.674446,-79.398331"
43.674393,-79.397318,"43.674446,-79.398331"
43.674419,-79.396664,"43.674991,-79.396273"
43.674537,-79.457727,"43.6754247,-79.4547813"
43.674567,-79.388739,"43.673768,-79.391253"
43.674645,-79.461627,"43.67392479999999,-79.4615434"
43.674664,-79.38877,"43.675492,-79.388858"
43.674671,-79.388849,"43.67515255542865,-79.38849615969643"
43.674704,-79.388387,"43.675492,-79.388858"
43.674856,-79.431069,"43.6741219,-79.4352208"
43.674952,-79.408165,"43.675791,-79.40698"
43.675118,-79.442103,"43.673939,-79.441159"
43.675161,-79.395242,"43.674991,-79.396273"
43.675237,-79.396517,"43.674446,-79.398331"
43.675297,-79.405741,"43.675791,-79.40698"
43.675306,-79.394797,"43.674991,-79.396273"
43.675363,-79.34359,"43.6753188,-79.3462789"
43.675374,-79.43321,"43.674923,-79.430465"
43.675472,-79.403337,"43.677778,-79.405556"
43.675545,-79.457,"43.6754247,-79.4547813"
43.675732,-79.403612,"43.677778,-79.405556"
43.675928,-79.358319,"43.6772,-79.35858"
43.676063,-79.450675,"43.675648,-79.4527619"
43.676142,-79.373976,"43.6752732,-79.3778458"
43.676149,-79.450268,"43.675648,-79.4527619"
43.676255,-79.35767,"43.677076,-79.35667"
43.676314,-79.454925,"43.6754247,-79.4547813"
43.676321,-79.35754,"43.6772,-79.35858"
43.676455,-79.280761,"43.673831,-79.281455"
43.676484,-79.349848,"43.6753188,-79.3462789"
43.676548,-79.450192,"43.675648,-79.4527619"
43.676588,-79.357722,"43.6772,-79.35858"
43.676619,-79.442298,"43.673939,-79.441159"
43.676624,-79.411426,"43.675556,-79.410278"
43.676742,-79.320562,"43.6765897,-79.3163022"
43.676753,-79.357,"43.677076,-79.35667"
43.676863,-79.427415,"43.675278,-79.423889"
43.676944,-79.355908,"43.6783213,-79.35822"
43.676978,-79.309467,"43.6750806,-79.3068697"
43.677023,-79.355593,"43.677076,-79.35667"
43.677074,-79.446066,"43.676697,-79.445029"
43.677125,-79.389848,"43.675492,-79.388858"
43.677155,-79.422644,"43.675278,-79.423889"
43.677383,-79.351393,"43.6784834,-79.3513564"
43.677445,-79.390086,"43.678077,-79.390328"
43.677618,-79.445545,"43.676697,-79.445029"
43.677776,-79.444916,"43.676697,-79.445029"
43.677827,-79.351464,"43.6784834,-79.3513564"
43.67789,-79.311622,"43.676216,-79.309395"
43.677921,-79.349374,"43.6784834,-79.3513564"
43.677968,-79.348727,"43.678285,-79.347346"
43.678,-79.409494,"43.675791,-79.40698"
43.678111,-79.409512,"43.677778,-79.405556"
43.678146,-79.347819,"43.678401,-79.346289"
43.678284,-79.347467,"43.678285,-79.347346"
43.678284,-79.347467,"43.6753188,-79.3462789"
43.678427,-79.299452,"43.678685,-79.297974"
43.678447,-79.315592,"43.6765897,-79.3163022"
43.678464,-79.389968,"43.678077,-79.390328"
43.6786,-79.390411,"43.678077,-79.390328"
43.678714,-79.347722,"43.678401,-79.346289"
43.678815,-79.346335,"43.678285,-79.347346"
43.678999,-79.345335,"43.678401,-79.346289"
43.679148,-79.358035,"43.6783213,-79.35822"
43.679179,-79.342838,"43.680223,-79.344062"
43.67918,-79.416419,"43.676667,-79.416111"
43.679201,-79.297282,"43.678685,-79.297974"
43.679265,-79.34243,"43.680223,-79.344062"
43.679276,-79.343835,"43.680223,-79.344062"
43.679391,-79.344806,"43.680012,-79.34403250000001"
43.679456,-79.34522,"43.680012,-79.34403250000001"
43.67948,-79.436956,"43.678177,-79.435364"
43.679509,-79.296115,"43.678685,-79.297974"
43.679584,-79.417045,"43.676667,-79.416111"
43.679586,-79.390755,"43.6791876,-79.39071899999999"
43.679626,-79.40952,"43.67883,-79.408723"
43.679638,-79.436327,"43.678177,-79.435364"
43.679674,-79.339875,"43.680207,-79.339243"
43.679723,-79.34152,"43.6800218,-79.3405681"
43.679753,-79.33956,"43.681114,-79.3373885"
43.679762,-79.433867,"43.68005,-79.43469"
43.679762,-79.433867,"43.680466,-79.432522"
43.679782,-79.341483,"43.680012,-79.34403250000001"
43.679802,-79.341206,"43.6800218,-79.3405681"
43.679848,-79.341353,"43.6800218,-79.3405681"
43.679854,-79.433367,"43.68005,-79.43469"
43.679854,-79.433367,"43.680466,-79.432522"
43.679941,-79.435253,"43.678177,-79.435364"
43.680055,-79.338486,"43.680207,-79.339243"
43.680063,-79.357806,"43.6783213,-79.35822"
43.680085,-79.424048,"43.68,-79.42500000000001"
43.680088,-79.338023,"43.680207,-79.339243"
43.680112,-79.405154,"43.67883,-79.408723"
43.680147,-79.433976,"43.68005,-79.43469"
43.680277,-79.279911,"43.68306889999999,-79.279682"
43.68035,-79.391064,"43.6791876,-79.39071899999999"
43.680355,-79.3384,"43.681114,-79.3373885"
43.680401,-79.338353,"43.681114,-79.3373885"
43.68041,-79.290596,"43.680095,-79.291714"
43.680588,-79.288894,"43.680095,-79.291714"
43.680609,-79.287821,"43.680095,-79.291714"
43.680733,-79.429017,"43.680466,-79.432522"
43.680823,-79.282476,"43.68035,-79.28357"
43.680856,-79.282808,"43.68035,-79.28357"
43.68092,-79.284268,"43.68035,-79.28357"
43.680952,-79.390505,"43.6791876,-79.39071899999999"
43.681023,-79.428128,"43.68,-79.42500000000001"
43.681086,-79.417238,"43.6817346,-79.4184725"
43.68123,-79.325293,"43.6791345,-79.3263159"
43.681263,-79.428681,"43.68114,-79.4277"
43.681321,-79.426351,"43.68114,-79.4277"
43.681405,-79.282193,"43.68306889999999,-79.279682"
43.681412,-79.417384,"43.6817346,-79.4184725"
43.681644,-79.425,"43.6809164,-79.4229684"
43.681679,-79.330744,"43.6808774,-79.3304491"
43.68187,-79.391774,"43.681944,-79.390556"
43.681882,-79.331056,"43.6808774,-79.3304491"
43.681899,-79.42766,"43.68114,-79.4277"
43.681916,-79.391922,"43.681944,-79.390556"
43.682028,-79.329021,"43.681991,-79.329455"
43.682029,-79.418933,"43.683351,-79.41562"
43.682123,-79.368144,"43.683884,-79.36647"
43.682214,-79.424108,"43.68,-79.42500000000001"
43.682309,-79.279762,"43.68306889999999,-79.279682"
43.682388,-79.422363,"43.6809164,-79.4229684"
43.682418,-79.51102,"43.6834703,-79.5108942"
43.682447,-79.328666,"43.681991,-79.329455"
43.682523,-79.392065,"43.6846177,-79.39245919999999"
43.682552,-79.327981,"43.6808774,-79.3304491"
43.682563,-79.420094,"43.683296,-79.418734"
43.682571,-79.328499,"43.681991,-79.329455"
43.682615,-79.391566,"43.681944,-79.390556"
43.682621,-79.392268,"43.6846177,-79.39245919999999"
43.682663,-79.421794,"43.6809164,-79.4229684"
43.682689,-79.419132,"43.6817346,-79.4184725"
43.682761,-79.41891,"43.683351,-79.41562"
43.682863,-79.325224,"43.683378,-79.322961"
43.683064,-79.417835,"43.683351,-79.41562"
43.683077,-79.41765,"43.683296,-79.418734"
43.683133,-79.408424,"43.685569,-79.408019"
43.683146,-79.346226,"43.68395,-79.347046"
43.683271,-79.418851,"43.683296,-79.418734"
43.683432,-79.346926,"43.68395,-79.347046"
43.683661,-79.346869,"43.68395,-79.347046"
43.683809,-79.300346,"43.684261,-79.299332"
43.683814,-79.322146,"43.683378,-79.322961"
43.683978,-79.322219,"43.683378,-79.322961"
43.684312,-79.411485,"43.685569,-79.408019"
43.684416,-79.356625,"43.6848652,-79.356602"
43.684454,-79.317943,"43.684758,-79.316767"
43.684498,-79.318886,"43.684758,-79.316767"
43.684595,-79.347157,"43.685167,-79.34962"
43.684709,-79.412204,"43.683979,-79.410657"
43.684709,-79.412204,"43.685569,-79.408019"
43.684715,-79.318218,"43.684758,-79.316767"
43.684716,-79.37576,"43.685924,-79.376304"
43.684797,-79.407913,"43.683979,-79.410657"
43.684832,-79.514078,"43.6834703,-79.5108942"
43.684902,-79.298413,"43.684261,-79.299332"
43.684991,-79.316718,"43.6850809,-79.3149901"
43.685159,-79.376626,"43.682645,-79.377557"
43.685216,-79.407559,"43.683979,-79.410657"
43.685216,-79.314368,"43.686442,-79.313404"
43.68531,-79.376089,"43.6856,-79.3718"
43.685425,-79.314588,"43.6850809,-79.3149901"
43.685437,-79.315198,"43.686442,-79.313404"
43.68551,-79.31418,"43.6850809,-79.3149901"
43.685576,-79.31405,"43.6856128,-79.31168269999999"
43.685593,-79.312222,"43.6856128,-79.31168269999999"
43.685668,-79.31355,"43.686442,-79.313404"
43.685772,-79.413029,"43.686352,-79.415894"
43.685779,-79.457571,"43.68323,-79.455765"
43.685965,-79.310977,"43.6868681,-79.3110942"
43.686016,-79.311828,"43.6868681,-79.3110942"
43.686016,-79.311828,"43.686829,-79.311073"
43.686026,-79.292134,"43.685221,-79.294766"
43.686049,-79.393002,"43.68850459999999,-79.3940052"
43.686095,-79.311513,"43.6856128,-79.31168269999999"
43.686122,-79.347773,"43.685167,-79.34962"
43.686123,-79.310347,"43.6868681,-79.3110942"
43.686129,-79.299308,"43.684261,-79.299332"
43.686235,-79.273548,"43.68824135931814,-79.27046628033244"
43.686263,-79.290394,"43.686962,-79.286864"
43.686285,-79.36029,"43.6848652,-79.356602"
43.6864,-79.393573,"43.6846177,-79.39245919999999"
43.686488,-79.347933,"43.685167,-79.34962"
43.686538,-79.438743,"43.68827060022711,-79.43937767081853"
43.686755,-79.268624,"43.68824135931814,-79.27046628033244"
43.686823,-79.307858,"43.687323,-79.304848"
43.68702,-79.28532,"43.686962,-79.286864"
43.687134,-79.289221,"43.686962,-79.286864"
43.687178,-79.438425,"43.68827060022711,-79.43937767081853"
43.687419,-79.271114,"43.68824135931814,-79.27046628033244"
43.687447,-79.423964,"43.6882821,-79.4253856"
43.687498,-79.438664,"43.68827060022711,-79.43937767081853"
43.687759,-79.302418,"43.688325,-79.300463"
43.687791,-79.393748,"43.68850459999999,-79.3940052"
43.6878,-79.340086,"43.690537,-79.341307"
43.687835,-79.304489,"43.687323,-79.304848"
43.687895,-79.422445,"43.6882821,-79.4253856"
43.687937,-79.414919,"43.686352,-79.415894"
43.688078,-79.392801,"43.68871,-79.39264"
43.688151,-79.412754,"43.686352,-79.415894"
43.688198,-79.392783,"43.687999,-79.38906"
43.688215,-79.412889,"43.688526,-79.412903"
43.688245,-79.305816,"43.687323,-79.304848"
43.688399,-79.393891,"43.68871,-79.39264"
43.688411,-79.394501,"43.68850459999999,-79.3940052"
43.688411,-79.394501,"43.6910667,-79.39535"
43.688468,-79.351841,"43.689211,-79.35438"
43.688523,-79.393724,"43.68871,-79.39264"
43.688525,-79.348715,"43.690237,-79.350119"
43.688617,-79.392429,"43.687999,-79.38906"
43.68864,-79.390561,"43.687999,-79.38906"
43.688692,-79.394499,"43.6910667,-79.39535"
43.688711,-79.350803,"43.689211,-79.35438"
43.688808,-79.299542,"43.688325,-79.300463"
43.68888,-79.29932,"43.688325,-79.300463"
43.689,-79.412656,"43.688526,-79.412903"
43.689013,-79.297469,"43.689293,-79.295895"
43.689032,-79.412988,"43.688526,-79.412903"
43.689052,-79.297055,"43.689293,-79.295895"
43.689197,-79.296469,"43.6897656,-79.2939525"
43.689565,-79.267802,"43.691688,-79.265027"
43.689656,-79.326016,"43.690564,-79.326319"
43.689671,-79.394936,"43.6910667,-79.39535"
43.68976,-79.348724,"43.690237,-79.350119"
43.689963,-79.294391,"43.689293,-79.295895"
43.689995,-79.435227,"43.690903,-79.4375028"
43.690292,-79.292945,"43.6897656,-79.2939525"
43.690366,-79.353546,"43.689211,-79.35438"
43.690521,-79.292092,"43.6897656,-79.2939525"
43.690852,-79.330463,"43.6935477,-79.3301658"
43.691039,-79.323611,"43.690564,-79.326319"
43.691108,-79.439992,"43.6926825,-79.441042"
43.691137,-79.263089,"43.691688,-79.265027"
43.691174,-79.442155,"43.6926825,-79.441042"
43.69142,-79.288163,"43.6940155,-79.2889842"
43.691427,-79.288071,"43.691468,-79.288619"
43.691478,-79.311613,"43.693187,-79.314283"
43.691512,-79.287663,"43.691468,-79.288619"
43.69157,-79.44058,"43.690903,-79.4375028"
43.691592,-79.285651,"43.6929478,-79.28339980000001"
43.691633,-79.264008,"43.69401297794256,-79.26257204548136"
43.691776,-79.351172,"43.690237,-79.350119"
43.691894,-79.284682,"43.6929478,-79.28339980000001"
43.691954,-79.301862,"43.69413548199171,-79.30058718775287"
43.691955,-79.440689,"43.6926825,-79.441042"
43.692036,-79.463397,"43.69263249999999,-79.4627536"
43.692116,-79.465375,"43.69263249999999,-79.4627536"
43.69217,-79.289451,"43.691468,-79.288619"
43.69217,-79.289451,"43.694341,-79.291416"
43.692395,-79.29337,"43.694826,-79.295208"
43.692601,-79.441074,"43.690903,-79.4375028"
43.692772,-79.29516,"43.694341,-79.291416"
43.692885,-79.280253,"43.6929478,-79.28339980000001"
43.69295,-79.33407,"43.6935477,-79.3301658"
43.692951,-79.342632,"43.690537,-79.341307"
43.692973,-79.379601,"43.693256,-79.383238"
43.692993,-79.263052,"43.691688,-79.265027"
43.693023,-79.333847,"43.6935477,-79.3301658"
43.693102,-79.26466,"43.69401297794256,-79.26257204548136"
43.693225,-79.342722,"43.690537,-79.341307"
43.693374,-79.461226,"43.69263249999999,-79.4627536"
43.69356,-79.291213,"43.6940155,-79.2889842"
43.693677,-79.297408,"43.696631,-79.297436"
43.693863,-79.316714,"43.693187,-79.314283"
43.694224,-79.304653,"43.69413548199171,-79.30058718775287"
43.694452,-79.274837,"43.6950192,-79.27180659999999"
43.694655,-79.456004,"43.69415,-79.45782580000001"
43.694878,-79.298673,"43.69413548199171,-79.30058718775287"
43.694881,-79.454449,"43.69415,-79.45782580000001"
43.694933,-79.454504,"43.69466,-79.45376999999999"
43.694953,-79.454227,"43.69415,-79.45782580000001"
43.695116,-79.452006,"43.69466,-79.45376999999999"
43.695281,-79.316517,"43.697139,-79.31469"
43.695349,-79.452652,"43.69466,-79.45376999999999"
43.695631,-79.291305,"43.6940155,-79.2889842"
43.695781,-79.297832,"43.694826,-79.295208"
43.696318,-79.296607,"43.694826,-79.295208"
43.696333,-79.294831,"43.696631,-79.297436"
43.696374,-79.447857,"43.699327072589426,-79.4493630391668"
43.696395,-79.291612,"43.694341,-79.291416"
43.696451,-79.293961,"43.696631,-79.297436"
43.696527,-79.393316,"43.6962302,-79.39504339999999"
43.696792,-79.450591,"43.699327072589426,-79.4493630391668"
43.696913,-79.396513,"43.696708,-79.40045"
43.696936,-79.329412,"43.69595,-79.328535"
43.696946,-79.39605,"43.6975969,-79.39654"
43.696999,-79.396105,"43.6962302,-79.39504339999999"
43.697518,-79.32913,"43.69595,-79.328535"
43.697566,-79.389831,"43.69933,-79.39199"
43.697585,-79.403499,"43.6954486,-79.4026176"
43.697652,-79.389424,"43.69933,-79.39199"
43.697665,-79.389239,"43.69933,-79.39199"
43.697665,-79.389239,"43.697819,-79.38786"
43.697717,-79.396267,"43.6962302,-79.39504339999999"
43.697876,-79.388664,"43.697819,-79.38786"
43.698118,-79.398483,"43.696708,-79.40045"
43.698192,-79.328347,"43.69595,-79.328535"
43.698213,-79.396393,"43.6978701,-79.39419"
43.698249,-79.315067,"43.699281,-79.318802"
43.698371,-79.395763,"43.6978701,-79.39419"
43.698488,-79.38951,"43.697819,-79.38786"
43.698488,-79.396842,"43.6975969,-79.39654"
43.69853,-79.396754,"43.6978701,-79.39419"
43.698657,-79.396463,"43.6975969,-79.39654"
43.69878,-79.39728,"43.696708,-79.40045"
43.69923,-79.319386,"43.699281,-79.318802"
43.699899,-79.451886,"43.699327072589426,-79.4493630391668"
43.699915,-79.516711,"43.698841,-79.519472"
43.700344,-79.429633,"43.7004017,-79.4275305"
43.700542,-79.428448,"43.7004017,-79.4275305"
43.70067,-79.518039,"43.698841,-79.519472"
43.700886,-79.426819,"43.7004017,-79.4275305"
43.701075,-79.517742,"43.698841,-79.519472"
43.701092,-79.397386,"43.7005976,-79.397345"
43.701315,-79.396981,"43.7005976,-79.397345"
43.701889,-79.397588,"43.7005976,-79.397345"
43.70219,-79.442051,"43.70163,-79.44099"
43.702685,-79.397781,"43.7029672,-79.3979073"
43.703166,-79.440991,"43.70163,-79.44099"
43.703366,-79.397355,"43.7029672,-79.3979073"
43.703489,-79.44094,"43.70163,-79.44099"
43.703763,-79.398074,"43.7029672,-79.3979073"
43.704025,-79.410706,"43.7041957,-79.4094472"
43.704343,-79.40865,"43.7041957,-79.4094472"
43.704498,-79.409611,"43.7041957,-79.4094472"
43.704569,-79.308389,"43.70567,-79.310554"
43.704906,-79.407851,"43.707049,-79.40966"
43.704925,-79.408369,"43.707049,-79.40966"
43.705002,-79.254496,"43.702418581463505,-79.2563167072858"
43.705447,-79.311803,"43.70567,-79.310554"
43.705633,-79.397857,"43.7063473,-79.40161"
43.705671,-79.251419,"43.70643614257429,-79.25104443353288"
43.705726,-79.296964,"43.707212,-79.2952873"
43.705788,-79.408086,"43.707049,-79.40966"
43.705945,-79.425991,"43.704461,-79.423122"
43.705989,-79.423845,"43.704461,-79.423122"
43.706041,-79.312131,"43.707582,-79.311439"
43.706161,-79.404495,"43.70547,-79.40355"
43.706352,-79.309372,"43.707582,-79.311439"
43.70657,-79.375634,"43.707045,-79.375437"
43.706704,-79.250317,"43.70643614257429,-79.25104443353288"
43.706794,-79.398885,"43.7083577,-79.39886200000001"
43.706872,-79.311513,"43.70567,-79.310554"
43.707106,-79.376,"43.707045,-79.375437"
43.707194,-79.404192,"43.70547,-79.40355"
43.707303,-79.398826,"43.7063473,-79.40161"
43.707376,-79.251919,"43.70643614257429,-79.25104443353288"
43.707491,-79.376108,"43.707045,-79.375437"
43.707507,-79.398344,"43.7063473,-79.40161"
43.70761,-79.402339,"43.70547,-79.40355"
43.70776,-79.392533,"43.7078691,-79.39248"
43.707909,-79.393587,"43.7078691,-79.39248"
43.707909,-79.296278,"43.707212,-79.2952873"
43.707912,-79.391996,"43.70942,-79.39139"
43.707925,-79.391811,"43.7078691,-79.39248"
43.708056,-79.31067,"43.707582,-79.311439"
43.70806,-79.393049,"43.70942,-79.39139"
43.708374,-79.392584,"43.70942,-79.39139"
43.708525,-79.399021,"43.7093201,-79.3996301"
43.708532,-79.398929,"43.7083577,-79.39886200000001"
43.708993,-79.398667,"43.7093201,-79.3996301"
43.709055,-79.398684,"43.7083577,-79.39886200000001"
43.709499,-79.398755,"43.7093201,-79.3996301"
43.709883,-79.296167,"43.707212,-79.2952873"
43.710106,-79.398899,"43.7112153,-79.39894"
43.710113,-79.398806,"43.7112153,-79.39894"
43.710721,-79.39895,"43.7112153,-79.39894"
43.712657,-79.377679,"43.711751,-79.378615"
43.712665,-79.377554,"43.711751,-79.378615"
43.712716,-79.377641,"43.711751,-79.378615"
43.713231,-79.351883,"43.715951,-79.351246"
43.713842,-79.400057,"43.713524,-79.400162"
43.714372,-79.39972,"43.713524,-79.400162"
43.714467,-79.354982,"43.715951,-79.351246"
43.714835,-79.400309,"43.716652,-79.399993"
43.714946,-79.400327,"43.713524,-79.400162"
43.716206,-79.400762,"43.716652,-79.399993"
43.717357,-79.400384,"43.716652,-79.399993"
43.718385,-79.37536,"43.720998,-79.377456"
43.721104,-79.371954,"43.718039,-79.371914"
43.721339,-79.37878,"43.72268,-79.37644"
43.721392,-79.378835,"43.720998,-79.377456"
43.724815,-79.402427,"43.7254665,-79.40115449999999"
43.724885,-79.380234,"43.727365488246306,-79.3814254607724"
43.724941,-79.401923,"43.7254665,-79.40115449999999"
43.725456,-79.402567,"43.7254665,-79.40115449999999"
43.727664,-79.403107,"43.72814640000001,-79.4032194"
43.729076,-79.403005,"43.72814640000001,-79.4032194"
43.729316,-79.403559,"43.72814640000001,-79.4032194"
43.731277,-79.403638,"43.732016,-79.403637"
43.731617,-79.403598,"43.732016,-79.403637"
43.732312,-79.404484,"43.732975,-79.40401"
43.73261,-79.403851,"43.732975,-79.40401"
43.733211,-79.404087,"43.732016,-79.403637"
43.733458,-79.404548,"43.732975,-79.40401"
43.746833,-79.199355,"43.747854,-79.199327"
43.758129,-79.5159,"43.7603624,-79.5162777"
43.760579,-79.512408,"43.7603624,-79.5162777"
43.761446,-79.499847,"43.7641485,-79.5012809"
43.762171,-79.51979,"43.7603624,-79.5162777"
43.762276,-79.500029,"43.7641485,-79.5012809"
43.763351,-79.489985,"43.76521,-79.491281"
43.763573,-79.490021,"43.76521,-79.491281"
43.764244,-79.488536,"43.76521,-79.491281"
43.769839,-79.500363,"43.7696262,-79.5025943"
43.771007,-79.468348,"43.7724019,-79.4675395"
43.773338,-79.502477,"43.7741,-79.5005"
43.773338,-79.502477,"43.77345,-79.5002"
43.77388,-79.502752,"43.7741,-79.5005"
43.774193,-79.49849,"43.77345,-79.5002"
43.774193,-79.49849,"43.7741,-79.5005"
43.774263,-79.501361,"43.77345,-79.5002"
43.774268,-79.469109,"43.7724019,-79.4675395"
43.774316,-79.46846,"43.7724019,-79.4675395"
43.777556,-79.471796,"43.7781116,-79.467963"
43.777729,-79.47098,"43.7781116,-79.467963"
43.778314,-79.469902,"43.7781116,-79.467963"
43.779752,-79.444066,"43.7774374,-79.4447096"
43.782079,-79.449926,"43.77953,-79.45233"
43.783786,-79.18133,"43.7842419,-79.1849889"
43.785414,-79.185332,"43.7842419,-79.1849889"
